C1,C2,C3,C4,C5,C6,C7,C8,C9,C10,C11,C12
0.242950624,0.318710886,0.126380958,0.158325662,0.04458129,0.009879614,0.016116907,0.055420594,0.007842988,0.004951958,0.001116634,0.013721885
0.464175391,0.007974996,0.211723733,0.21239281,0.062888291,0.017876235,0.01013985,0.001135743,0.006189994,0.00520723,0.000141338,0.00015439
0.504248403,0.147185221,0.28165229,0.06052363,0.001370593,0.003778271,0.000443259,0.000630111,1.47888E-05,0.000152903,1.9787E-07,3.32176E-07
0.626104704,0.116010993,0.235225025,0.019709592,0.002763457,0.000162739,1.97297E-05,2.81513E-06,1.12444E-07,3.17916E-07,4.33089E-07,8.30872E-08
0.878725744,0.033368309,0.009653135,0.061303698,0.004044472,0.0028423,0.005604265,0.003884275,0.00019154,0.000218126,9.46672E-05,6.94696E-05
0.422757342,0.255223978,0.294756722,0.000936798,0.024904461,0.001389337,7.22387E-06,2.33376E-05,6.58515E-07,9.68333E-08,2.55176E-08,1.84003E-08
0.994750156,0.003537851,0.001336942,0.000199842,5.55864E-05,8.42271E-05,2.53514E-05,1.10271E-06,5.18537E-06,3.19829E-07,1.75425E-06,1.68241E-06
0.830715418,0.058954239,0.021068823,0.021082,0.027807654,0.020288589,0.012789548,0.000578623,0.002098552,0.0016787,0.001768192,0.001169662
0.485007383,0.113046145,0.349051044,0.015683003,0.0331717,0.002507866,0.001271804,0.000175686,3.70479E-05,6.7494E-07,8.78091E-06,3.88664E-05
0.540901521,0.399216825,0.02323829,0.004973111,0.029278563,0.000898931,1.75301E-05,0.001339475,0.00013389,1.54801E-06,5.08473E-08,2.63257E-07
0.654126725,0.089118826,0.245051226,0.000920289,0.007249901,0.001835642,0.000526077,0.001152936,1.66264E-06,1.19535E-06,1.0392E-06,1.44813E-05
0.896808245,0.015114929,0.02362588,0.026599477,0.028397591,0.002588427,4.23378E-06,0.002679653,0.003700158,0.00013156,0.000208266,0.000141581
0.56291255,0.070178878,0.228885146,0.093052837,0.027540049,0.002441069,0.002541631,0.000753749,0.006437532,0.004786255,0.000327389,0.000142916
0.682077688,0.10354705,0.008727461,0.008370979,0.001337386,0.075626481,0.077195623,0.013109768,0.017081196,0.006866859,0.001828856,0.004230653
0.573183164,0.086642,0.139704296,0.159743205,0.023694708,0.00585135,0.002471746,0.00442145,0.000148814,0.001548129,0.001443343,0.001147796
0.22706124,0.33651938,0.0266014,0.008472402,0.2111333,0.18423623,0.001383012,0.001991703,0.00194411,0.000514278,7.54605E-05,6.74851E-05
0.9804208,0.015553123,0.000606728,0.003248245,0.00010934,1.8664E-05,2.16964E-05,1.96937E-05,1.51857E-06,7.9644E-08,6.77152E-08,4.46165E-08
0.369978856,0.333007205,0.017227916,0.164419405,0.048243755,0.033302078,0.015546901,0.006216979,0.000262317,0.006089698,0.001542162,0.00416273
0.617896436,0.261937335,0.074664028,0.010635823,0.034689917,6.52153E-05,4.01268E-05,1.51451E-05,3.4554E-05,2.05488E-05,5.83508E-08,8.12296E-07
0.205383349,0.515341611,0.150530581,0.090565828,0.023285835,0.008916173,0.005929163,8.66891E-06,1.82209E-05,1.99518E-05,5.03802E-07,1.14514E-07
0.477316075,0.118008837,0.206998175,0.136800481,0.033468873,0.003376671,0.020202495,0.003074234,0.000509847,0.000160019,3.98253E-05,4.44684E-05
0.215712408,0.654737919,0.040181542,0.042032291,0.041607986,0.001914108,0.003499462,0.000159926,0.000105754,3.25682E-05,1.21421E-06,1.48223E-05
0.800815686,0.074376762,0.00223498,0.034157713,0.076255828,0.011636158,0.000504351,1.29577E-05,2.48079E-06,6.31215E-07,1.72059E-06,7.31243E-07
0.103033284,0.212865239,0.168689035,0.383961412,0.009563839,0.107243098,0.001552635,0.01167765,0.000777708,0.000159031,0.000145819,0.00033125
0.934834916,0.014372292,0.001143863,0.001409491,0.046358366,0.000204684,0.000505694,0.000462889,0.000178869,0.000444891,5.22902E-05,3.17535E-05
0.109942691,0.803136512,0.073901221,0.012842328,0.000127712,3.32526E-05,1.54582E-05,3.63729E-07,3.20128E-07,7.7401E-08,1.82512E-08,4.58794E-08
0.984280549,0.00506582,0.001008561,0.007721317,0.001574869,8.40215E-05,0.000175583,2.87579E-05,2.78482E-05,3.12835E-05,1.17734E-06,2.12048E-07
0.414800222,0.131906902,0.289650588,0.102527151,0.047568127,0.009994717,0.001753171,0.001701152,3.27203E-05,5.53592E-05,2.08905E-06,7.80242E-06
0.540224373,0.005597307,0.383553833,0.052162458,0.003187999,0.001666517,0.001371171,0.007297904,0.000502521,0.00345512,0.000972643,8.15271E-06
0.242229244,0.638568053,0.061754905,0.025148425,0.027515754,0.001809413,0.000291583,0.000659084,0.001332853,0.000184288,0.000195295,0.000311103
0.681199247,0.312359749,0.001935983,0.001408086,0.000644299,0.001901071,0.000369551,3.32404E-05,4.30659E-05,7.35024E-05,2.48676E-05,7.33749E-06
0.529350857,0.114752706,0.064912961,0.155611283,0.020330878,0.068598365,0.023726737,0.01168584,0.00984851,0.000415997,1.06582E-05,0.000755206
0.109541307,0.774575898,0.013451853,0.035717289,0.00843416,0.046859137,0.006533041,0.002735618,0.000823426,0.000183188,0.000356544,0.000788538
0.37627103,0.361004725,0.067244053,0.0745018,0.104751384,0.013421679,0.001013979,2.89922E-05,0.001336223,9.9485E-05,6.82802E-05,0.000258371
0.130523483,0.70163972,0.074773498,0.091651246,0.001144594,3.61999E-05,0.00014871,7.11974E-05,6.694E-06,1.02738E-06,1.27132E-06,2.35789E-06
0.036975543,0.464302161,0.334617717,0.132606266,0.007772969,0.001476944,0.003005006,0.004339799,0.006890308,0.003900644,0.003116515,0.000996127
0.053218213,0.428429231,0.444996844,0.054206847,0.001725222,0.013250165,0.001043721,0.002866222,0.000192969,3.3484E-05,7.61113E-06,2.94697E-05
0.176474485,0.529683671,0.000295054,0.051094151,0.205512062,0.019778643,0.002598097,0.007141062,0.002891276,0.000213731,0.00316959,0.001148179
0.918678964,0.034672199,0.035329757,0.00455752,0.000552094,0.00463749,0.000968514,0.000550787,4.6675E-05,3.89763E-07,4.59507E-06,1.01462E-06
0.980829197,0.015018982,0.000653691,0.003477297,1.94382E-05,9.10484E-07,2.56307E-07,4.59325E-08,1.19235E-07,6.01837E-08,4.9635E-11,3.17021E-09
0.673397358,0.07974422,0.112557602,0.075326276,0.026227148,0.017353159,0.009547836,0.004555082,3.78624E-05,0.001011185,0.000195398,4.68755E-05
0.802210983,0.01503421,0.153230277,0.027922464,9.28456E-05,0.000197388,0.001152359,0.00015042,1.28174E-06,3.40465E-06,1.74605E-06,2.62041E-06
0.166396773,0.412369449,0.075807982,0.11080887,0.172993822,0.016113931,0.026345818,0.008177446,0.004443492,0.004560415,0.001801055,0.000180948
0.663154837,0.212178886,0.035940996,0.019870484,0.038732403,0.022324814,0.003797321,0.003454178,0.000117449,0.00013189,0.000256634,4.01071E-05
0.473319518,0.065065231,0.190977546,0.16700811,0.071976062,0.018706262,0.011935417,0.001009232,8.81532E-07,1.59407E-06,1.11385E-07,3.56278E-08
0.263412936,0.554661503,0.179185845,0.00108728,0.000631495,0.000523501,0.000327397,0.000166206,7.64688E-07,2.05261E-06,2.75386E-07,7.44055E-07
0.981080528,0.016269076,0.001723565,0.000110361,0.00070801,6.46244E-05,4.12886E-06,3.92641E-05,2.81232E-07,1.1158E-07,3.65436E-08,1.45605E-08
0.234259597,0.287344064,0.257826274,0.183290676,0.037139241,1.02035E-05,6.157E-05,1.08497E-05,2.12782E-05,4.82411E-07,1.22626E-05,2.35011E-05
0.965968635,0.006619002,0.026550121,0.000569478,3.81349E-05,0.00023286,8.45722E-06,1.17602E-07,1.06099E-05,2.14149E-06,1.57518E-08,4.26979E-07
0.138079856,0.030900928,0.026505508,0.156996285,0.602969141,0.012309174,0.019925005,0.007826758,0.002760552,0.000267296,0.001111289,0.000348207
0.768571601,0.158435229,0.043602704,0.023509743,0.00421759,0.000769986,0.000134905,1.78644E-05,0.000569767,2.44916E-05,8.52402E-05,6.08795E-05
0.670825861,0.077675649,0.106802431,0.040667932,0.00075731,0.000556194,0.051299726,0.002703656,0.043815627,0.003292903,0.00117516,0.000427551
0.708344558,0.064754047,0.079718038,0.098334616,0.007157505,0.0049796,0.017469843,0.007372294,0.002968288,0.007695533,0.000691357,0.000514319
0.332070995,0.022340682,0.596762843,0.004191052,0.030465765,0.008100917,0.004633917,0.000893085,0.000156088,0.000358852,1.12271E-05,1.45779E-05
0.684813151,0.183302381,0.032545376,0.019493447,0.054222861,0.006462299,0.018646243,0.000240828,0.000232297,4.66403E-06,1.69186E-05,1.9534E-05
0.499816217,0.457547062,0.031990589,0.004925958,0.000165,0.003374964,3.99638E-05,0.001006519,0.000493667,0.000618524,1.34368E-05,8.10037E-06
0.102953601,0.490697654,0.366870913,0.0381167,0.00097364,0.000200577,2.70831E-05,0.000147372,1.10259E-06,7.64408E-07,7.20587E-06,3.38769E-06
0.405070734,0.278399831,0.090937573,0.163256847,0.023126537,0.022710273,0.014896259,0.000975148,0.000390802,0.000189124,3.0999E-05,1.58711E-05
0.04051147,0.517367393,0.096217573,0.332045628,0.005620361,0.005101996,0.001152565,0.001173483,0.000589458,0.000213127,4.01631E-06,2.92856E-06
0.480485605,0.32333059,0.078185045,0.014008528,0.065887474,0.028157438,0.000654473,0.000125385,0.004440208,0.000234457,0.003432207,0.001058589
0.034709081,0.287823121,0.655828854,0.004717123,0.005809946,0.003145286,0.00132448,0.003683015,0.000594981,0.000369068,0.000250524,0.001744522
0.02365089,0.407296922,0.529984967,0.001045351,0.026462425,0.009370959,0.001777859,0.000250057,0.000150107,1.49556E-06,8.93063E-06,3.75585E-08
0.839189569,0.074052405,0.077728524,0.002649658,0.004621062,0.000242971,0.001452535,2.95009E-05,3.25446E-05,1.05778E-07,5.39508E-08,1.07073E-06
0.820676548,0.098585042,0.06459512,0.008613545,0.003060853,0.001165181,0.000506188,0.002587277,7.39722E-05,8.78349E-05,3.56933E-05,1.27443E-05
0.989346298,0.005446499,0.000943275,0.001939524,0.001518756,0.000699962,1.24548E-05,7.5377E-05,1.15963E-05,4.22365E-06,1.21024E-06,8.23537E-07
0.948069254,0.014276894,0.035726871,0.001862907,3.85285E-05,1.21772E-05,6.95311E-06,4.41653E-06,1.23076E-06,7.67123E-07,1.04361E-10,5.44863E-11
0.099022711,0.36241398,0.152473265,0.116197668,0.10209074,0.159905437,0.005837947,0.001578063,9.01844E-05,0.000195786,0.00016924,2.4979E-05
0.919014867,0.005953311,0.046123165,0.019991993,0.002405349,0.0019451,0.001107863,0.000967265,0.00162878,0.000188287,7.83147E-05,0.000595704
0.272856367,0.089778824,0.337920004,0.002608949,0.209945999,0.079754422,0.004907183,0.001376912,0.000733042,7.85137E-05,1.02512E-05,2.9533E-05
0.462670424,0.168647878,0.039523939,0.23667557,0.036282331,0.010245445,0.034771639,0.001363169,0.003553947,0.003354037,0.001821173,0.001090448
0.942686124,0.055629755,0.000236765,0.001157238,0.000203339,4.26505E-05,4.09324E-05,1.28188E-06,1.19551E-07,1.15547E-06,5.51817E-07,8.80328E-08
0.609953772,0.349709037,0.039071867,0.000297714,0.000544455,0.000300784,6.76595E-05,1.18238E-05,4.22926E-05,5.69325E-07,6.74894E-09,1.87074E-08
0.251423427,0.698910319,0.025462168,0.00549825,0.000520363,0.015651642,0.001417546,0.000212124,0.000182835,0.000331003,0.000317149,7.31748E-05
0.474815644,0.061530558,0.171575945,0.147214052,0.117091267,0.027652888,7.53688E-05,3.5389E-05,7.2594E-07,8.03893E-06,5.59382E-08,6.71569E-08
0.619862114,0.022405073,0.320149143,0.009167284,0.004598032,0.000640483,0.005915054,0.013853174,0.000396296,1.89093E-05,0.000888426,0.002106013
0.125425216,0.017422813,0.186467614,0.584343608,0.02522422,0.006198346,0.053927916,0.00025721,0.000729063,1.58448E-06,1.65373E-06,7.55521E-07
0.102020285,0.868038714,0.008756123,0.003522369,0.005680416,0.005247538,0.003101628,0.001316499,0.000934334,0.0004659,0.000250508,0.000665687
0.060562031,0.119281418,0.022424575,0.117151567,0.329417445,0.23369447,0.007631432,0.070059664,0.005112643,0.023931047,0.00446974,0.006263969
0.046553681,0.746047543,0.023518763,0.022068184,0.082544068,0.000509702,0.076066422,0.001194992,0.000258728,0.000988328,0.00022081,2.87783E-05
0.993879249,0.004261931,0.001678698,0.000143797,3.54534E-05,6.7487E-07,1.77516E-07,2.27518E-09,1.22423E-08,1.60435E-09,2.4819E-09,7.94145E-11
0.653605934,0.333717754,0.00673629,0.001318275,0.004268522,0.000282799,2.97365E-05,1.29806E-05,6.64334E-06,1.40939E-05,4.16328E-06,2.80913E-06
0.116312455,0.035806166,0.510199808,0.230225021,0.047051246,0.041064289,0.004052243,0.010528789,0.001427032,0.000561723,0.002120837,0.00065039
0.676459195,0.049990393,0.056075568,0.13077523,0.070316633,0.001351016,0.007952817,0.000724532,0.004182582,0.000824052,0.000251792,0.00109619
0.630773101,0.237988914,0.068002737,0.030543602,0.006936526,0.013354758,0.005886627,0.000399943,0.000675231,0.000642776,0.00288505,0.001910736
0.15499052,0.277289557,0.007054657,0.09849132,0.393332174,0.041335584,0.018426263,0.005002648,0.003132142,0.000383268,0.00047979,8.20774E-05
0.128267899,0.418424879,0.287680079,0.080138264,0.0005918,0.07646825,0.006623557,0.00168772,0.000103847,8.87544E-06,2.32485E-06,2.50439E-06
0.577111348,0.014611786,0.364505878,0.027170264,5.34419E-06,0.013393586,0.001478385,6.75646E-05,0.000460227,0.001167421,2.23908E-05,5.80465E-06
0.018573572,0.926304081,0.014354272,0.015721589,0.003944064,0.007963207,0.003718454,0.007448548,0.000692051,0.000516213,0.000319182,0.000444767
0.613005344,0.325846477,0.009759005,0.019434522,0.003518268,0.015037406,0.011282084,0.001558855,0.000241688,0.000162436,2.80553E-05,0.000125861
0.375013407,0.548413765,0.010475192,0.027432963,0.022942137,0.009495322,0.002640079,0.001850025,0.00131112,0.000270264,8.66166E-05,6.91094E-05
0.695463315,0.029363288,0.101063004,0.092334293,0.075007668,0.000223514,0.005005904,0.001422507,1.45561E-05,1.80164E-05,7.24919E-05,1.14431E-05
0.395702616,0.401591913,0.051462832,0.001493842,0.099211963,0.046349245,0.003129243,0.000779357,0.000170333,3.84103E-05,5.60711E-05,1.4174E-05
0.152214068,0.389459011,0.063888047,0.084595598,0.258243577,0.011647968,0.005943782,0.021463115,0.007363935,0.001654334,0.00160566,0.001920905
0.728645131,0.16768665,0.094851893,0.00046092,0.006145951,0.000769886,0.001072954,0.000253146,7.95579E-05,8.79515E-06,1.25307E-06,2.38634E-05
0.52965455,0.059152476,0.297753787,0.062536937,0.020936027,0.007351587,0.007719429,0.010656015,0.001760283,0.000435009,0.000642456,0.001401445
0.183675083,0.776681934,0.018561339,0.012709711,0.004075269,0.002412889,0.001070015,0.000370023,2.23777E-05,0.000375536,2.63838E-05,1.94396E-05
0.454171804,0.029653685,0.420138373,0.0914487,0.000144166,0.001957818,0.000371764,0.001145741,3.90834E-05,0.000704231,2.35435E-05,0.00020109
0.41888794,0.554409727,0.026099783,0.000517014,6.71401E-05,1.37308E-05,4.18173E-06,4.19879E-07,3.49785E-08,6.40461E-09,1.99667E-08,2.68193E-09
0.275677576,0.028390035,0.406280746,0.249770344,0.009607826,0.000534609,0.02332124,0.005700094,0.000386233,0.000127509,5.64264E-05,0.000147361
0.530007485,0.266241152,0.108610728,0.08145332,0.01253746,0.000175895,0.000968162,2.7876E-06,9.68222E-07,4.93178E-07,1.25235E-06,2.97104E-07
0.606278077,0.280708565,0.040873621,0.036981093,0.003963734,0.0237428,0.006277555,0.000153219,0.000948978,3.30011E-05,2.53159E-05,1.40411E-05
0.881924851,0.104584522,0.001411904,0.007127622,0.001828791,0.002389556,0.000404543,1.44832E-05,0.000141593,4.46533E-05,1.67483E-05,0.000110735
0.159932791,0.45498567,0.149276797,0.216515398,0.014037311,0.003577322,0.000677264,0.000970021,1.76538E-05,7.51646E-06,9.89081E-08,2.15708E-06
0.368790204,0.288352067,0.135579489,0.184262528,0.02299469,1.59623E-05,1.55888E-06,1.4056E-08,1.83649E-06,2.8583E-07,6.06738E-08,1.30302E-06
0.390796876,0.470533109,0.118012512,0.010346494,0.006269633,0.000791033,7.24225E-05,0.000775886,0.001082315,0.000478385,0.000793237,4.80982E-05
0.764621603,0.058756689,0.005338322,0.158669969,0.010024562,0.001792758,0.000369841,0.000246303,0.000140975,3.39431E-05,3.23596E-07,4.71162E-06
0.393970144,0.421915968,0.075531859,0.046573407,0.020602547,0.021179011,0.009608629,0.00853976,0.0011772,0.000799901,5.12139E-05,5.03609E-05
0.83651402,0.109524607,0.021994456,0.028072725,0.000153407,0.00089012,0.001502697,0.000250171,0.000289172,0.00058525,0.000109852,0.000113522
0.915741275,0.030701992,0.031162919,0.002198378,0.009989731,0.001732155,0.002745801,0.00483117,0.000568073,0.000107859,0.000149185,7.14637E-05
0.470014515,0.388063383,0.043690644,0.085223521,0.005613687,0.006845989,0.000480207,5.86082E-05,7.05435E-06,2.09761E-06,1.61102E-07,1.32453E-07
0.075050166,0.571638853,0.044493748,0.097912228,0.122849762,0.023558428,0.050917973,0.001486684,0.008261631,0.003425422,0.000159208,0.000245897
0.222467358,0.293628071,0.409499786,0.058640715,0.00017959,0.000630448,0.004527218,0.005414713,0.001878353,0.000538678,0.00074933,0.001845739
0.955671042,0.01761429,0.014861142,0.00443835,0.001305991,0.000896738,0.004007296,0.000975178,0.000190296,3.85731E-05,3.73289E-07,7.28694E-07
0.420377918,0.350196471,0.127102252,0.075084372,0.005076368,0.001437885,0.002411233,0.001289121,0.016322303,0.000342733,0.000271515,8.78285E-05
0.31527628,0.418452541,0.090537885,0.152441319,0.005812132,0.01683329,9.13019E-05,0.00044088,8.80093E-05,9.36936E-06,1.55127E-05,1.48035E-06
0.862066481,0.021776565,0.036588696,0.014436587,0.037123921,0.02138918,0.00378048,0.000885149,5.78304E-05,0.000206027,0.001662524,2.65591E-05
0.57995606,0.237986832,0.034319194,0.085012602,0.023180389,0.000679486,0.036460739,0.000276962,0.000964062,0.000999188,0.000106648,5.78388E-05
0.824659398,0.00834827,0.133907278,0.005689856,0.021899135,0.003302501,0.000647233,0.001011279,0.000109835,0.000295349,4.64849E-05,8.33806E-05
0.918598079,0.040870935,0.033163491,0.003040214,0.001650127,0.002171259,6.49488E-05,0.000319119,1.95524E-05,3.57427E-06,5.33704E-05,4.53314E-05
0.951690333,0.04005219,0.004750407,0.003255639,0.000240288,1.91299E-06,8.24545E-06,4.32946E-07,5.62422E-08,3.73322E-07,1.86873E-08,1.03736E-07
0.841677807,0.078760231,0.016258704,0.00491314,0.056710434,0.000114148,0.001178809,6.73091E-07,0.000225919,6.43944E-06,3.04272E-05,0.000123269
0.634676024,0.127078233,0.089202702,0.049586882,0.056459708,0.040719049,0.001940352,9.06146E-05,2.41338E-05,4.13302E-05,0.000126112,5.48604E-05
0.604126067,0.051962996,0.24065738,0.03953951,0.029246508,0.011154352,0.00736343,0.005712644,0.007749575,0.001305137,0.000401084,0.000781318
0.612693551,0.076330611,0.008284947,0.079563224,0.141166833,0.079171043,0.00198084,0.000716212,9.25216E-05,4.89114E-08,6.01153E-08,1.08567E-07
0.22580554,0.24462433,0.333587466,0.02322723,0.075053532,0.015844903,0.021374024,0.0478359,0.001592225,0.002612413,0.002902968,0.005539468
0.654957754,0.058906705,0.191965908,0.072138926,0.019085629,0.002475076,0.000345927,6.00086E-05,2.69163E-05,2.80739E-05,4.03838E-06,5.0376E-06
0.478533667,0.450450752,0.010197143,0.006914929,0.019328381,0.025632583,0.002209219,0.004582234,7.34926E-05,0.000245476,0.000523413,0.001308712
0.468735394,0.333174805,0.153595728,0.022279276,0.005964004,0.001480927,0.009487285,0.00242231,0.000742028,0.001802976,0.000148851,0.000166416
0.255032938,0.152107778,0.362250953,0.003947722,0.137799933,0.022497158,0.050672305,0.01202522,0.00352121,5.96083E-06,4.14621E-05,9.73591E-05
0.007790165,0.566488335,0.252048513,0.088016597,0.070368944,0.014869979,0.0002094,0.000191645,1.62781E-05,1.08286E-07,3.37548E-08,3.08492E-09
0.942894251,0.045336103,0.004442686,0.005248512,0.00149867,0.000544962,3.37962E-05,6.61217E-08,8.74652E-07,2.45211E-08,4.77132E-08,5.60859E-09
0.735769909,0.023346598,0.234012601,0.00129449,0.002471082,0.000898839,0.001482692,0.000635081,8.30204E-05,1.01047E-06,3.62861E-06,1.04929E-06
0.411465327,0.44485554,0.017533119,0.038870878,0.006328604,0.063784559,9.30565E-05,0.004792528,0.004702061,0.001882933,0.000964548,0.004726849
0.717398151,0.27611114,0.005418681,0.000510001,0.000474451,8.26554E-05,4.22468E-06,4.66033E-07,2.19705E-07,1.05974E-09,1.36867E-09,8.11674E-09
0.597408173,0.130018903,0.14845651,0.078703398,0.039899265,0.00205783,0.001967526,0.000227458,0.001139763,4.59809E-05,5.03956E-05,2.47983E-05
0.970383864,0.003818399,0.007886661,0.006937892,0.001729586,0.00652771,0.001758396,0.000415798,0.000325829,8.96431E-05,7.05641E-05,5.56592E-05
0.101193327,0.437108177,0.352425363,0.092517356,0.010750759,0.005202527,0.000331956,0.00045786,9.65907E-06,7.2437E-07,7.36078E-07,1.55505E-06
0.493714775,0.434225321,0.054009901,0.00844586,0.00180014,0.003876737,0.001074901,0.00246393,0.000201696,0.000112165,7.13465E-05,3.22852E-06
0.727853976,0.251818973,0.017285274,0.002517111,0.000260989,0.000203824,1.07933E-05,2.73735E-05,1.37444E-05,5.19819E-06,9.62724E-07,1.78194E-06
0.107501046,0.773485152,0.056255233,0.004888231,0.019894345,0.011424575,0.023378312,0.00074594,0.000697486,0.001528723,0.000146259,5.46979E-05
0.662627258,0.00779284,0.133354896,0.012048164,0.176452714,0.000474571,0.004800061,0.00238957,5.20993E-05,1.49311E-06,4.29764E-06,2.03579E-06
0.100116698,0.870960663,0.008163653,0.013174739,0.003330234,0.003350095,0.000629059,8.61746E-05,2.86709E-05,9.6987E-05,5.43907E-05,8.63529E-06
0.705392964,0.200615869,0.01241225,0.045163752,0.012090258,0.000824154,0.022521119,0.000890258,4.48418E-05,1.14804E-05,3.0173E-05,2.88032E-06
0.650012849,0.00373319,0.19285284,0.100376986,0.013020109,0.026872504,0.01144702,0.000864558,6.73105E-05,0.000293821,6.91934E-05,0.000389619
0.197452691,0.458304556,0.088774772,0.075048348,0.086791221,0.070076942,0.00621724,0.012128345,0.000316646,0.003808995,0.000820594,0.000259652
0.737622018,0.142640879,0.00139723,0.048147449,0.024399014,0.045256176,0.000380692,7.3539E-05,1.41869E-05,4.06452E-05,4.58008E-06,2.35905E-05
0.188313168,0.684584777,0.083467701,0.024830634,0.012299499,0.002227216,0.002651391,0.001559179,2.43045E-05,2.29991E-05,1.42822E-05,4.8494E-06
0.632849543,0.238195487,0.066052646,0.008744363,0.051091078,0.002252261,0.0003659,0.000155984,0.000166759,0.000110348,6.72301E-06,8.90851E-06
0.816056947,0.06207395,0.105380445,0.013035842,0.00087166,0.001240685,0.001293655,2.90434E-05,2.51572E-06,6.55322E-06,2.03204E-06,6.67298E-06
0.083742051,0.864601429,0.033247895,0.011649222,0.003663419,0.000979452,0.001388526,0.000442421,3.05131E-05,1.47834E-05,0.000104326,0.000135964
0.359896925,0.244303497,0.16526734,0.112518647,0.102465624,0.003286958,0.010734588,0.001477562,3.5673E-05,4.49122E-06,8.32411E-06,3.69282E-07
0.495802893,0.253787735,0.17848889,0.066929713,0.004558202,0.000118032,8.07738E-06,7.36568E-05,0.000135064,5.29894E-05,2.32171E-05,2.15297E-05
0.266259775,0.050680903,0.258388795,0.241193705,0.117380146,0.018285122,0.014126344,0.028429154,0.000949427,0.003965739,0.000149201,0.00019169
0.14249548,0.77798603,0.016793335,0.062017213,0.000379497,7.97517E-05,0.00013138,3.29981E-05,2.09606E-05,1.3998E-06,2.93352E-07,6.16618E-05
0.465021424,0.019318591,0.328851635,0.053982206,0.124854456,0.003156304,0.000146835,0.001340951,0.001845511,0.000995192,8.96463E-05,0.00039725
0.720821528,0.033030103,0.001631289,0.237792199,0.001035305,0.005657104,2.6721E-05,4.90652E-06,2.85287E-07,3.44539E-08,3.10096E-07,2.15418E-07
0.486032852,0.50102412,0.002757787,0.001333671,0.001969546,0.000695373,0.003610988,0.001815463,0.000284121,0.000185586,1.00178E-05,0.000280475
0.120498727,0.804394437,0.050503074,0.018954531,0.002079159,0.003504612,2.46856E-05,1.82579E-05,6.71877E-06,1.80654E-06,7.02324E-07,1.32891E-05
0.487639618,0.408048865,0.024156887,0.040461927,0.036267293,0.002771808,0.000120018,6.05655E-05,0.000388187,2.1689E-05,3.55146E-05,2.76281E-05
0.910272898,0.041563439,0.036312946,0.008452309,0.002741151,0.000589991,3.70586E-05,1.92618E-06,2.2799E-05,4.01727E-06,7.39829E-07,7.24845E-07
0.040902264,0.770581361,0.177513349,0.002446872,0.001056185,0.000639392,0.000663162,0.003175223,0.000208721,0.00026975,0.000202586,0.002341135
0.922684269,0.067510968,0.001058099,0.005575641,0.002753709,2.39265E-05,7.45155E-05,0.000216752,9.75162E-05,4.49673E-06,5.00846E-08,5.7185E-08
0.144769798,0.767340298,0.067757843,0.000565149,0.000394372,0.016673411,0.001807791,0.000412154,6.94403E-05,6.12773E-05,8.71058E-05,6.13617E-05
0.794971005,0.024144023,0.016273325,0.157835674,0.006314235,0.000115459,2.09514E-05,0.000201886,3.21327E-05,8.54904E-05,5.35577E-06,4.63075E-07
0.707174769,0.158634954,0.093822643,0.03781297,0.001074742,0.001232974,0.000207443,1.42563E-05,1.70126E-06,2.2138E-05,8.58488E-07,5.50361E-07
0.106366397,0.129144525,0.214151897,0.032847389,0.483209596,0.021174879,0.001624552,0.00037587,0.004733351,0.003072046,0.000476232,0.002823266
0.930239939,0.045636119,0.009582784,0.001921521,0.001627276,0.003071417,0.00705221,0.00078777,2.94357E-05,3.27811E-05,1.76419E-05,1.10497E-06
0.945113468,0.040945012,0.003243848,0.004873675,0.004150214,0.000562205,0.000950485,0.000150262,2.32895E-06,5.15977E-06,6.6562E-07,2.67694E-06
0.709514424,0.008458608,0.177764033,0.078453412,0.012743524,0.010771251,0.001541435,0.000339459,9.8826E-05,0.000300278,6.61812E-06,8.13306E-06
0.899789788,0.066090836,0.029734387,0.00050791,0.000307866,0.002029612,0.000930237,0.000567861,2.02522E-05,1.4704E-05,2.23937E-06,4.30636E-06
0.634550181,0.230102993,0.030475088,0.0238434,0.03918667,0.017389649,0.007915481,0.01171392,0.002418311,0.000758287,0.000950086,0.000695935
0.089445735,0.85683705,0.012616611,0.038874065,0.000529546,0.000828636,0.000218752,0.000140456,0.000448035,3.9057E-05,1.05493E-05,1.15094E-05
0.82553938,0.170460945,0.001521133,0.001310535,0.001119059,4.08144E-05,5.38053E-06,7.32175E-07,2.68946E-07,9.70269E-07,4.4804E-07,3.34577E-07
0.921779469,0.032250934,0.004327835,0.007004203,0.02682118,0.006462216,0.000869212,0.00042977,2.67321E-05,1.57421E-05,1.09827E-05,1.72286E-06
0.314945923,0.339002803,0.316897159,0.010415386,0.013225134,0.005461097,2.60991E-05,9.33376E-06,3.38627E-06,5.10023E-06,3.52403E-06,5.05425E-06
0.889151665,0.086614309,0.019864034,0.003723127,0.000459407,0.000181574,3.34671E-06,1.36346E-06,2.56552E-07,6.09411E-07,1.51983E-07,1.55506E-07
0.912722882,0.067265098,0.00914422,0.007530404,0.000183464,0.001551102,0.000427843,0.001001247,4.14782E-05,0.000128711,1.55334E-06,1.99527E-06
0.9142838,0.074520606,0.006230268,0.00444569,0.000114716,0.00033418,5.71464E-05,1.0606E-05,1.73197E-06,1.15286E-06,1.01681E-07,1.97051E-09
0.416953034,0.068566029,0.006793287,0.275638141,0.005511288,0.062852931,0.07661797,0.000147677,0.038204715,0.023333505,0.013039651,0.012341772
0.117180778,0.420419239,0.281326311,0.054823917,0.024388463,0.018306743,0.067846116,0.007868757,0.007686029,0.000131351,1.64871E-05,5.81027E-06
0.571655389,0.208622433,0.065523832,0.005468833,0.144219863,0.000581105,0.002393244,0.00138678,3.29291E-05,1.86158E-06,0.000102215,1.15153E-05
0.834894291,0.150321462,0.000850468,4.91776E-05,0.00615468,0.003103733,0.003155497,9.24782E-05,0.000594709,0.000120262,0.000265484,0.000397758
0.90119718,0.03663526,0.025883792,0.017342351,0.013386519,0.000214973,0.004962173,0.000171818,6.44427E-05,7.00998E-05,5.1337E-06,6.62572E-05
0.617024052,0.369740122,0.011982479,5.83452E-06,0.000734435,0.000105451,0.000205377,0.000106773,1.02078E-05,3.05838E-05,1.50215E-05,3.96617E-05
0.408264434,0.317695472,0.035450783,0.170072899,0.065277436,0.001543866,0.001557448,7.97515E-05,3.26734E-06,4.64562E-05,4.62393E-06,3.56242E-06
0.204175939,0.77822468,0.01160825,0.002838271,0.0016185,0.000924314,0.000325263,7.30181E-05,9.73644E-05,5.22676E-05,3.52517E-05,2.68809E-05
0.587285884,0.378758667,0.007266133,0.010830838,0.008098937,0.000290121,7.02892E-05,9.45425E-05,0.002489506,0.000471675,0.001468303,0.002875105
0.134057793,0.318852719,0.173071887,0.057158105,0.060892674,0.1851243,0.001995983,0.048242933,0.008282717,0.00111221,0.001738187,0.009470493
0.616421218,0.204586855,0.098035069,0.047089648,0.029914442,0.002911084,0.000181668,0.000224493,0.000201276,0.000175323,0.000108051,0.000150872
0.605032915,0.189923939,0.159005094,0.028109641,0.005970583,0.010725013,9.72593E-06,0.000609109,0.000263316,0.000114405,0.000129535,0.000106726
0.770303784,0.073036124,0.105183116,0.000501865,0.034219316,0.002327209,0.006498717,0.000662072,0.00323621,0.002002681,0.001152959,0.000875947
0.497396313,0.028772395,0.00660353,0.262019939,0.079767209,0.097020546,0.024579766,0.0029865,0.000722553,2.7298E-05,1.15395E-05,9.24103E-05
0.351982506,0.321040458,0.295870523,0.004153351,0.020338779,0.003017372,0.001112572,0.002409471,5.76981E-05,2.06633E-06,1.1549E-05,3.65404E-06
0.220348505,0.654309657,0.058198651,0.045210209,0.005480319,0.002598519,0.007326579,0.002071071,0.002742669,0.00038869,0.00030127,0.001023861
0.079125653,0.624289927,0.005058014,0.274673076,0.016510807,0.000182032,5.14257E-05,9.85161E-05,7.81896E-06,9.27849E-07,4.0904E-07,1.39394E-06
0.774829373,0.077738166,0.037324878,0.080592179,0.022452211,0.003912397,0.000568146,0.00029659,0.00169003,0.000205163,0.000238476,0.000152391
0.646776506,0.06558134,0.039237719,0.185864543,0.054551315,0.004339801,0.001178268,0.000461841,0.001565767,0.000300595,5.30657E-05,8.9239E-05
0.982111099,0.017382374,0.000358403,6.72701E-05,1.57164E-05,6.13617E-05,3.03158E-06,5.58716E-08,5.81701E-07,6.60123E-08,1.70995E-09,3.86457E-08
0.995465936,0.002979221,0.000909575,0.000437438,8.56247E-05,7.62639E-05,3.77896E-05,1.50851E-06,5.10737E-06,9.08719E-07,6.10808E-08,5.65819E-07
0.254728437,0.151825847,0.057314889,0.3143905,0.024790926,0.054574131,0.052645609,0.077291449,0.003865565,0.004660798,0.00211018,0.001801671
0.019681263,0.959021531,0.014243274,0.002910477,0.003271255,0.000189016,0.000539357,6.76248E-05,5.12377E-05,1.40443E-05,4.05592E-06,6.86381E-06
0.218943271,0.495189196,0.009583763,0.268713701,0.004341957,0.003082336,7.8259E-05,4.42774E-05,5.06358E-06,1.24918E-05,2.55813E-06,3.12532E-06
0.041251366,0.857942325,0.042294891,0.056202263,0.001842917,0.000427217,3.27046E-05,7.67478E-07,1.12883E-06,3.49949E-06,4.74233E-07,4.47044E-07
0.596400886,0.357855952,0.040109381,0.001272623,0.002188477,0.002043582,7.4039E-05,2.93655E-05,1.79855E-05,2.64659E-06,4.66364E-06,3.9854E-07
0.591356494,0.266194799,0.045441112,0.064221344,0.006168808,0.014497579,0.006484258,0.002757656,0.002673532,0.000168255,3.41826E-05,1.97821E-06
0.042736783,0.242684781,0.398611484,0.295103734,0.011118842,0.008286695,0.001048417,6.96974E-05,9.0449E-05,8.67885E-05,0.000160944,1.38389E-06
0.777459206,0.209937829,0.012240967,3.44464E-05,0.000245369,1.51033E-05,7.00556E-06,4.74959E-05,6.78321E-06,3.58575E-06,2.68884E-07,1.93989E-06
0.089727178,0.556652923,0.180040924,0.00755508,0.094474167,0.056448966,0.011353238,0.0029531,0.000142544,0.000414168,0.000188922,4.87895E-05
0.440972574,0.468823265,0.022333951,0.049122279,0.011987041,0.003278376,0.000708629,0.000579087,0.000414354,0.000496082,0.000773572,0.000510789
0.782974024,0.145933434,0.025801524,0.016374374,0.028194686,0.000673586,2.50286E-05,1.10263E-06,1.99772E-05,1.65853E-06,4.41321E-07,1.62922E-07
0.8327342,0.144146429,0.020796969,0.000452549,0.000701193,0.0007051,0.000419655,3.89348E-05,4.1349E-06,5.66728E-07,2.26088E-07,4.42316E-08
0.386966279,0.50072427,0.032016879,0.074808328,0.002705282,0.002253199,9.62149E-05,0.000349215,5.32844E-05,3.08005E-06,1.63073E-05,7.66175E-06
0.384163516,0.357507455,0.248717911,0.002257686,0.003168636,0.000637063,0.002897593,0.000430199,0.000191806,1.87803E-05,9.2137E-06,1.40991E-07
0.365283039,0.055534071,0.566205746,0.006962943,0.002053449,0.000601859,0.001248438,7.94145E-05,0.001347662,0.000453738,0.000107071,0.000122568
0.394193551,0.191410369,0.274832871,0.006255154,0.040818901,0.048676251,0.040731393,2.79512E-06,0.001520222,0.00091279,1.72271E-05,0.000628476
0.873910062,0.04799575,0.001784439,0.002849281,0.027428463,0.031491496,0.007210624,0.007138811,6.65727E-05,2.27748E-05,9.39695E-05,7.75746E-06
0.109468088,0.425526369,0.189364255,0.25169073,0.016073149,0.003968099,0.003335726,0.000178686,0.000211775,0.000148723,1.68277E-05,1.75719E-05
0.568187965,0.1364968,0.149874507,0.074874919,0.063160698,0.001278915,0.00588142,0.000181302,4.56971E-05,1.65048E-05,2.00675E-07,1.07084E-06
0.413039575,0.166107064,0.211742801,0.169910992,0.001889803,0.006364193,0.013733779,0.011357987,0.001329258,0.004290635,0.000177942,5.59704E-05
0.633402374,0.034792482,0.322838837,0.002045113,0.00659052,0.000253761,5.11396E-05,1.12299E-06,8.77055E-06,7.60368E-06,3.21318E-06,5.06364E-06
0.100743571,0.555426484,0.296347111,0.01536513,0.015062453,0.008853439,0.006738677,0.000372042,0.000407962,0.000535091,0.000121223,2.68168E-05
0.56534645,0.000598113,0.240236954,0.098753856,0.044278405,0.031986326,0.001805289,0.006100185,0.006043933,0.003885472,0.000268637,0.00069638
0.314020299,0.57297778,0.059733536,0.019033815,0.013994051,0.000325459,0.016330912,0.001920981,0.000387261,0.000861347,9.59936E-05,0.000318565
0.573770081,0.028943317,0.105832063,0.221111404,0.044302599,0.015413737,0.006926047,0.001879913,0.00050681,0.000301406,0.000471515,0.000541108
0.033165549,0.130899088,0.285678112,0.165404518,0.131765563,0.124645709,0.061714815,0.000943046,0.006775469,0.020601231,0.016047511,0.022359388
0.489434924,0.21299391,0.067144272,0.073068154,0.074152346,0.070883104,0.008625409,0.002186253,0.00074131,0.000418816,0.000332995,1.85048E-05
0.921994139,0.023457723,0.021522031,0.025101962,0.001450634,0.000165825,0.001125767,0.004053683,0.000996387,0.000105552,6.71456E-06,1.95817E-05
0.953328223,0.031720011,0.00287192,0.007382046,0.003494597,0.000562126,0.000160816,5.33265E-05,1.0906E-05,0.000370973,4.04341E-05,4.61945E-06
0.771777786,0.148173503,0.0003001,0.007481315,0.020801734,0.048182856,0.000860443,0.002339812,7.7419E-05,3.2015E-06,1.199E-06,6.30822E-07
0.169148467,0.38169006,0.007084472,0.430696615,0.010613446,0.000151538,0.000337981,4.54515E-06,0.000120192,4.20106E-05,9.07447E-05,1.99288E-05
0.637449029,0.167121492,0.085113546,0.084223416,0.000978777,0.022131717,0.00096307,0.000658801,0.001331052,2.30761E-05,3.0483E-06,2.97601E-06
0.324016717,0.10941454,0.158947939,0.139961755,0.11097787,0.007540813,0.122799999,0.005873547,0.014804891,0.004011595,9.84903E-05,0.001551844
0.000241165,0.474587216,0.143189204,0.110315822,0.075386747,0.143947293,0.051860749,0.000226169,3.75234E-05,2.18072E-06,0.000124762,8.11683E-05
0.426417387,0.236020615,0.109703833,0.155011088,0.014446009,0.019061684,0.015177338,0.022410614,0.00117638,0.000481783,6.98808E-05,2.33882E-05
0.367814312,0.443613723,0.164399301,0.022240904,0.000917516,0.000501722,0.000217399,0.000246243,1.65756E-05,8.06158E-06,8.56971E-06,1.56738E-05
0.803716451,0.062270343,0.126419862,0.005449936,0.001368148,0.000117978,0.000613354,2.35515E-05,4.09981E-06,7.80738E-06,7.27553E-06,1.19469E-06
0.039133344,0.074656269,0.779528375,0.102933341,0.001607108,0.001532243,3.78772E-05,0.000445235,6.23875E-05,1.96426E-05,7.86052E-06,3.63167E-05
0.355828797,0.582273698,0.055048343,0.001355378,0.001400955,0.002438908,0.000583193,0.000341324,0.000137775,0.000586045,1.8738E-06,3.71108E-06
0.020321178,0.845927285,0.020494893,0.071141166,0.011859079,0.000900828,0.025907352,0.001455315,0.000720928,0.000501594,0.0005871,0.000183282
0.526353802,0.368394179,0.080794755,0.022720826,0.001424006,8.44521E-05,0.000146685,7.70226E-05,3.21147E-06,3.66091E-07,1.30241E-07,5.65338E-07
0.179497285,0.707866049,0.06153773,0.006455186,0.001562763,0.036057918,0.005285684,0.001512271,0.000108484,6.46777E-05,7.00384E-06,4.49477E-05
0.437659579,0.363210179,0.060062943,0.119308753,0.015112206,0.001992227,0.000858473,0.001635762,8.98306E-05,4.21133E-05,2.03644E-05,7.57002E-06
0.584380462,0.23985279,0.060342462,0.089598265,0.006915318,0.006697087,0.011594202,0.000445784,0.000123643,2.66261E-05,2.16512E-05,1.70825E-06
0.932285104,0.066370052,0.000197754,0.000827776,0.000156653,4.38378E-06,4.18682E-05,0.000104121,1.0666E-05,7.06002E-07,4.79112E-07,4.37635E-07
0.182505657,0.391679898,0.079672489,0.100645556,0.035933345,0.132025825,0.035257512,0.035040031,0.003260039,8.29118E-05,0.002124762,0.001771976
0.54463239,0.234991373,0.079390903,0.117785765,0.020641575,0.001701928,0.000349928,1.71646E-05,0.000414872,4.34022E-05,2.71651E-06,2.79834E-05
0.628798609,0.070440782,0.173351686,0.083120268,0.02619303,0.010771364,0.000942122,0.006075422,0.000153678,0.000137626,1.41975E-05,1.21575E-06
0.764515872,0.20077371,0.027204523,0.003045019,0.000693716,0.001076517,0.001985605,0.000326637,0.000364039,1.21501E-05,1.07537E-06,1.1366E-06
0.642598741,0.18270943,0.087098383,0.065143677,0.011656029,0.007263722,0.000990141,0.001257788,0.001263014,1.71568E-05,8.88933E-08,1.82869E-06
0.322441082,0.622815688,0.024023351,0.021899705,0.004045424,0.004299167,3.91407E-05,0.000213433,3.26163E-05,5.11821E-05,0.000103102,3.61096E-05
0.014509173,0.67395903,0.146716482,0.155522396,0.001682287,0.006610255,0.000831225,0.000162386,2.51823E-06,3.16824E-06,7.77344E-07,3.01411E-07
0.413635713,0.292964607,0.022102488,0.048219141,0.173328812,0.032253277,0.004282036,0.005908525,0.00678833,8.21778E-05,0.000300451,0.000134441
0.023841288,0.973196081,0.00139191,0.001353447,4.85741E-05,9.98528E-05,2.18016E-05,3.01803E-05,2.62159E-06,1.12199E-05,1.8095E-06,1.21376E-06
0.742050943,0.088739353,0.088528306,0.053398652,0.017796524,0.001254712,0.005621715,7.9348E-05,0.000416574,2.92113E-05,0.001538777,0.000545883
0.265435516,0.353710519,0.081686453,0.229660042,0.042312171,0.001102886,0.00415496,0.019841406,0.001072301,0.000574936,5.52002E-05,0.00039361
0.97728352,0.010941855,0.001120717,0.00371253,0.004417432,0.000982123,0.000170626,8.11453E-05,0.000398011,0.000191532,0.000150452,0.000550056
0.602512317,0.14014252,0.131891172,0.08581879,0.023226837,0.011509957,0.003448415,0.000890021,0.000123662,0.000297704,0.000118782,1.98235E-05
0.636576854,0.332580406,0.006066644,0.002367138,0.00168897,0.002951707,0.012568439,0.003450884,0.000876182,0.000456889,0.000252863,0.000163023
0.177985434,0.411160846,0.06910715,0.236856005,0.000360617,0.044684371,0.023902351,0.020375557,0.011691769,0.00026123,0.002576418,0.001038252
0.857695928,0.091109187,0.034784687,0.012651253,0.00315605,0.000283046,0.000120232,7.37888E-05,6.96083E-05,2.48249E-06,1.9921E-05,3.38158E-05
0.500811801,0.410575723,0.025674103,0.024566276,0.021249396,0.016764926,0.000242744,3.1074E-05,7.54629E-05,6.18781E-07,2.0895E-07,7.66702E-06
0.534794604,0.439349995,0.012672907,0.00994945,0.001604455,0.000931991,0.000208887,0.000467566,1.57504E-05,3.92155E-06,3.61787E-07,1.12258E-07
0.665778958,0.225094066,0.058739986,0.003687096,0.000116487,0.010628889,0.003767018,0.015687943,0.015573722,0.000858159,3.49859E-05,3.26905E-05
0.228138288,0.000560352,0.251731655,0.049609669,0.214853837,0.245429472,0.008180251,0.000886726,0.000205093,0.000398458,2.59947E-06,3.59931E-06
0.748293038,0.102842388,0.107882035,0.004982772,0.015563522,0.011302802,0.004085648,0.003888171,0.000407238,7.84421E-05,0.000475578,0.000198365
0.651885117,0.326957914,0.011468011,0.004891559,0.004690478,3.96913E-05,5.51762E-06,1.71152E-05,1.33885E-05,1.92011E-05,9.27981E-06,2.72893E-06
0.152739523,0.57392494,0.047172174,0.185143642,0.005160149,0.015385793,0.014184777,0.005655121,0.000533546,4.14567E-05,3.96316E-06,5.49158E-05
0.086639906,0.015517342,0.323121821,0.251725392,0.299424111,0.001956617,0.01987439,0.000195051,0.001508733,3.52729E-05,7.19688E-07,6.43675E-07
0.705417749,0.060816365,0.171997839,0.010717992,0.047047647,0.00330885,0.000532631,6.69778E-05,6.81335E-05,1.94323E-06,1.97151E-05,4.15742E-06
0.992865803,0.006790204,0.000147756,9.57726E-05,4.07716E-05,2.37824E-05,1.09282E-05,9.77108E-06,7.20362E-06,5.42106E-06,2.20246E-06,3.83559E-07
0.039866207,0.546546475,0.25188303,0.115382004,0.012869904,0.015111743,0.011579,0.003451244,0.001666961,0.000121003,0.00112325,0.000399178
0.195982129,0.105217113,0.072328761,0.104561675,0.323620639,0.125298393,0.067097035,0.005713664,9.16016E-06,1.09744E-05,5.63459E-05,0.000104111
0.662477021,0.285261348,0.044982444,0.00407192,0.003144705,1.08342E-05,1.6778E-05,1.49504E-05,1.89252E-05,8.24907E-07,4.75257E-08,2.0271E-07
0.099778636,0.304314916,0.248573682,0.089130892,0.089755764,0.145361425,0.018441352,4.36336E-05,0.001732048,0.002369182,7.78842E-06,0.00049068
0.429109464,0.067078675,0.1324833,0.363775982,0.005890241,0.00095529,0.000547763,8.0299E-05,4.80549E-05,1.01213E-05,1.13987E-05,9.41038E-06
0.025023509,0.598884832,0.019762057,0.346303287,0.004819822,0.003111666,0.000873368,0.001173154,2.93952E-05,3.2694E-06,1.09496E-05,4.69159E-06
0.352090415,0.18155683,0.22891032,0.107881078,0.104812676,0.021178893,0.000959475,0.002417574,4.10188E-05,6.98416E-05,4.60124E-05,3.58675E-05
0.008770219,0.909094413,0.038622779,0.031381363,0.010044138,0.001187008,1.3018E-05,0.000470379,3.16734E-05,5.72831E-05,0.000243377,8.43496E-05
0.918089258,0.051032926,0.000224121,0.011487036,0.006464545,0.011252432,0.000697258,0.000643993,6.09896E-05,1.71886E-05,1.66878E-05,1.35652E-05
0.032284172,0.910013613,0.036277604,0.009018758,0.000332812,0.002457467,0.002190819,0.001473625,0.003530888,0.001347875,0.000409989,0.000662376
0.885348398,0.031685419,0.039210034,0.008371109,0.012150767,0.0072215,0.003324706,0.004547851,0.006520496,0.001063004,0.000346522,0.000210195
0.232154219,0.28519719,0.349737139,0.033635646,0.020733672,0.061462501,0.004965445,0.000842606,0.003625024,0.000374985,0.004815854,0.00245572
0.454311596,0.228804944,0.226584714,0.051899396,0.015473322,0.001074548,0.012156333,0.004560794,0.004840681,0.00025377,2.35932E-06,3.75427E-05
0.349223755,0.21444627,0.413097872,0.003380058,0.006138243,0.007177154,0.002729479,0.002115255,0.001501068,9.92333E-05,5.31935E-05,3.842E-05
0.584837174,0.329668289,0.046010853,0.01723733,0.012376353,0.008426449,0.000414527,0.000260476,0.000764464,3.10554E-06,3.35916E-07,6.44664E-07
0.376345916,0.324283998,0.082922133,0.016823348,0.173206465,0.007348631,0.016457052,0.002046443,0.000288019,6.41104E-05,0.000181254,3.26304E-05
0.354833799,0.400993136,0.20070221,0.000182329,0.000271738,0.00097573,0.033133054,0.005273415,0.001016984,0.002212334,0.000229315,0.000175956
0.607110505,0.244441346,0.055715394,0.006454743,0.064751348,0.007113633,0.008336683,0.000786563,0.002486773,0.001243628,0.000963703,0.000595681
0.758116421,0.072142353,0.103796827,0.060130385,0.003765328,0.001749308,6.90877E-05,0.000203057,2.14182E-05,2.2032E-06,9.3746E-07,2.67369E-06
0.850160407,0.10938161,0.038900347,0.00082606,0.000148979,0.000505438,4.74217E-05,5.8723E-06,2.82179E-06,1.89079E-05,1.35835E-06,7.75622E-07
0.136152786,0.134841365,0.68990519,0.036762523,0.002196224,3.62695E-05,5.37504E-05,1.9119E-05,9.98189E-06,7.0455E-06,1.46701E-05,1.07555E-06
0.426890648,0.404022138,0.084099427,0.03530979,0.015303097,0.03275173,0.001385562,8.04148E-05,3.71217E-05,3.44956E-05,2.72658E-05,5.83095E-05
0.82557107,0.164536229,0.001552568,0.007172868,0.000590201,0.000321302,0.000175646,2.17145E-05,1.52966E-05,3.72547E-05,4.68137E-06,1.16758E-06
0.525631271,0.211831826,0.066194883,0.015406032,0.173784286,0.00444865,0.001896833,9.3866E-05,0.000424021,1.10933E-05,0.000101192,0.000176048
0.944402798,0.031597607,0.019508999,0.000618511,0.000338102,0.000147083,0.00243497,0.000146037,0.000592191,5.81475E-05,0.000105167,5.03873E-05
0.073801669,0.15615422,0.342259986,0.299310848,0.100709042,0.018204042,0.00367965,0.00152827,0.003048217,0.000496237,0.000712812,9.50051E-05
0.096630864,0.336353135,0.155735731,0.14585707,0.043822897,0.026293682,0.039775516,0.024234689,0.045790567,0.068985828,0.001034826,0.015485194
0.955702205,0.020893018,0.018194492,0.002440937,0.001117341,0.001540717,3.17395E-05,1.45471E-05,4.75447E-05,4.64443E-06,5.98703E-06,6.82724E-06
0.922590418,0.041414478,0.013826846,0.00727685,0.00325617,0.000897073,0.010228977,0.000490978,6.88245E-06,9.29052E-06,4.51868E-07,1.58502E-06
0.346425256,0.42164731,0.006601216,0.166811674,0.004708478,0.021617166,0.030131706,0.001217665,0.000201199,0.000516445,5.39802E-05,6.79046E-05
0.427527458,0.166160582,0.227712168,0.062531466,0.049977004,0.034224233,0.009072031,0.019535788,0.000842422,0.001361376,5.48748E-05,0.001000597
0.907453659,0.006186868,0.022708936,0.060416381,0.000481926,0.002487441,0.00024148,1.54132E-05,6.00707E-06,2.79121E-07,6.54269E-07,9.55093E-07
0.646578424,0.16710196,0.129045761,0.017107172,0.032073987,0.002568318,0.004737171,2.69684E-05,6.30836E-07,0.000733711,2.06178E-05,5.27936E-06
0.534925786,0.189100567,0.057168405,0.168844416,0.017736238,0.002515061,0.006913816,0.013207209,0.008883828,0.000301091,0.000376734,2.68502E-05
0.276482571,0.079241369,0.594862433,0.048797719,0.000508063,5.19745E-05,3.41683E-05,2.15501E-05,8.00105E-08,1.20168E-08,4.02049E-08,1.99522E-08
0.70538275,0.120401704,0.107040547,0.014254044,0.001348434,0.032565258,0.008823086,0.008262108,0.000539107,0.000876184,0.000380565,0.000126213
0.756185041,0.148542325,0.018138876,0.030482815,0.045183265,0.000564485,0.000263732,2.24795E-05,0.000118914,0.000144237,0.000132495,0.000221334
0.352486095,0.128695324,0.438114289,0.079535372,0.000216738,0.000721389,0.000119052,4.38858E-05,4.60473E-05,1.90525E-05,1.13544E-06,1.61996E-06
0.278953778,0.037881224,0.647901231,0.021977493,0.012033162,0.001096266,7.1596E-06,1.27921E-06,0.000127618,1.59674E-06,1.43118E-06,1.77617E-05
0.454043678,0.229976381,0.313904167,0.000883325,0.000462634,0.000128906,0.000512969,3.8923E-05,4.36323E-05,1.72263E-06,2.55381E-06,1.10913E-06
0.940713129,0.03633495,0.006457498,0.009124682,0.007304816,5.39352E-05,1.08896E-05,2.44239E-09,3.75336E-08,3.11595E-09,5.17629E-08,4.14388E-09
0.117775944,0.475874285,0.150089752,0.164746741,0.054782189,0.028157916,0.000581292,0.000428874,0.003343703,0.004057072,0.000125558,3.66759E-05
0.557816887,0.157235713,0.064154364,0.024672016,0.062188942,0.087994469,0.006283903,0.027916552,0.00333206,0.001066113,0.003565194,0.003773789
0.389139785,0.104554652,0.353863384,0.041339646,0.105333699,0.004686928,0.000729174,0.000143279,5.07048E-05,0.000154184,4.48613E-06,7.71057E-08
0.790292498,0.061853583,0.090478827,0.0237275,0.025788484,0.006451166,0.001332362,2.08827E-05,4.47057E-05,5.08357E-06,4.37342E-07,4.47045E-06
0.902692778,0.093272522,0.000469949,0.00107372,0.002102592,0.000313487,4.34396E-05,2.58731E-05,3.81584E-06,7.61539E-07,9.53898E-07,1.08642E-07
0.093560715,0.905792764,0.00058491,4.16348E-05,3.22622E-07,3.77496E-06,1.7662E-06,1.01551E-05,2.58001E-06,5.36377E-07,5.96605E-08,7.80852E-07
0.403736624,0.440407986,0.114714486,0.004470314,0.03149309,5.94612E-05,0.002662353,0.000992152,0.000683824,0.000296183,0.000411941,7.15863E-05
0.142048911,0.618499404,0.204872609,0.022693465,0.006084984,0.003542154,0.000624016,0.001134289,0.000233363,7.43447E-05,0.000172201,2.02601E-05
0.816776276,0.089790051,0.057123452,0.02905613,0.001402294,0.000262129,0.005289101,4.29313E-06,0.000285586,8.50405E-06,1.58376E-06,6.0001E-07
0.182903201,0.567504578,0.170507434,0.06458415,0.013273318,0.00042336,0.00045006,7.20484E-05,8.04788E-05,3.59966E-05,0.000131234,3.41406E-05
0.330006973,0.083545416,0.080774296,0.359934622,0.037316524,0.053646987,0.018481731,0.027489111,0.007557123,0.000758444,0.000286514,0.000202259
0.011528069,0.709444052,0.245806716,0.032049942,0.000349966,0.000358294,0.000208463,3.59912E-05,0.000128147,1.30049E-05,5.29822E-05,2.43722E-05
0.85532954,0.008804868,0.086060556,0.00164758,0.018711162,0.007775103,0.013623988,0.006669267,0.000850346,0.000142267,0.000365495,1.98273E-05
0.773514224,0.176372729,0.031928846,0.005585671,0.006601318,0.005457221,0.000189566,0.000321856,2.69574E-05,1.42258E-06,5.35316E-08,1.36263E-07
0.750946811,0.130912812,0.02942442,0.010671206,0.065952771,0.004953203,0.000333927,0.005438418,0.00060023,0.000464883,2.38608E-05,0.000277457
0.623063078,0.272244905,0.008786698,0.038129361,0.050135088,0.004055681,0.003393936,4.77326E-05,6.00498E-05,3.21121E-05,1.60298E-06,4.97557E-05
0.462261353,0.214791011,0.262066467,0.029747062,0.012523566,0.004528405,0.007524445,0.003211877,0.000648207,0.000104198,0.000576079,0.002017331
0.48227956,0.391379899,0.039840714,0.031440191,0.03314356,0.019612097,0.000265281,0.000776957,0.00097542,0.000105686,2.55372E-05,0.000155097
0.461429145,0.149264879,0.193966121,0.043584584,0.050176268,0.100023909,0.000374812,0.000864749,0.000252023,2.28648E-05,1.07793E-05,2.98675E-05
0.778700039,0.027314935,0.024787789,0.062915408,0.018614599,0.013161934,0.0649905,0.001159644,0.00450033,0.002774743,0.000433995,0.000646082
0.563659626,0.07217098,0.201283101,0.045010277,0.08033058,0.027210617,0.005572785,0.001344333,0.002811086,8.196E-05,0.000318874,0.000205781
0.769964038,0.128497581,0.088852963,0.011546511,0.00061982,6.72951E-05,0.000427911,2.05959E-06,9.59572E-06,5.13908E-06,1.32552E-06,5.76136E-06
0.455623833,0.393905682,0.138763958,0.010652597,0.000489966,0.000462684,3.03597E-05,5.17851E-05,1.8681E-05,3.95644E-07,2.17183E-08,3.80471E-08
0.629831728,0.161523208,0.064098887,0.123955503,0.018160181,0.001143724,0.000992848,0.000238696,1.05376E-05,2.21045E-06,2.23471E-05,2.01286E-05
0.989359947,0.001133392,0.006295029,0.000480984,3.32407E-05,0.001209198,0.001135638,0.000148405,0.000192287,1.04857E-05,7.67363E-07,6.25797E-07
0.424307632,0.275816985,0.238484732,0.020496524,0.031678144,0.00656548,0.001303941,0.000374386,0.000400109,0.000339826,0.000198248,3.39928E-05
0.782517081,0.006961826,0.07637669,0.056390597,0.06761683,0.007333958,0.002006826,0.000192267,0.000264897,0.000119137,0.000202363,1.75282E-05
0.798531852,0.18454917,0.011407845,0.001247699,0.001767906,0.002039363,0.00025718,3.21518E-05,0.00014989,1.29097E-05,1.57542E-06,2.45781E-06
0.280648196,0.543514072,0.115040886,0.003781335,0.009183767,0.032169478,0.014290253,0.000350349,0.000284872,2.68834E-05,0.000598981,0.000110929
0.360975815,0.28190583,0.263099015,0.014665756,0.021691305,0.037512798,0.008392508,0.007373929,0.003764538,0.000341945,2.40256E-05,0.000252536
0.167931037,0.54150831,0.0054835,0.193390446,0.05547599,0.001680327,0.005789968,0.027453395,0.001105553,3.66162E-05,0.000100142,4.47163E-05
0.907225766,0.027785426,0.029809657,0.029867734,0.004631781,0.000409735,6.19613E-05,0.000188588,1.86972E-05,4.63917E-07,9.59716E-08,9.46829E-08
0.33744298,0.441965873,0.182936974,0.009798198,0.018837205,0.00823523,0.000309185,0.000439736,1.95445E-05,4.35963E-06,5.0637E-06,5.65006E-06
0.223762772,0.203114301,0.006326633,0.458363177,0.017900603,0.064036003,0.021470001,0.003747344,0.000924019,0.000170996,5.56499E-05,0.000128501
0.269295927,0.542234076,0.005477834,0.015289102,0.068505294,0.044332268,0.010959745,0.030926544,0.012722607,4.50685E-05,7.47983E-05,0.000136736
0.644354951,0.097502575,0.090842641,0.120127321,0.028817251,0.017926042,0.000150565,0.000206656,3.03347E-05,3.75824E-05,3.2966E-06,7.84478E-07
0.986721941,0.009228665,0.000311556,0.001825698,0.001759759,3.57495E-05,6.34271E-05,3.58758E-05,3.57041E-06,6.69975E-06,4.03939E-06,3.01934E-06
0.604613389,0.028806666,0.255395014,0.014470906,0.062005577,0.001511624,0.010188033,0.019824784,0.001061353,0.001119729,5.89683E-05,0.000943958
0.217901375,0.185692979,0.182728119,0.200612165,0.035219831,0.027704851,0.032856109,0.090437083,0.01470389,0.002236746,0.000146219,0.009760634
0.233523743,0.398389599,0.320823313,0.033738214,0.008747058,0.001511801,0.002482386,8.5682E-05,0.000482428,0.000159771,3.59951E-06,5.2407E-05
0.241603226,0.495956681,0.027664675,0.204311472,0.002054876,0.005067791,0.012002926,0.001563351,0.00796393,0.001562892,7.8182E-05,0.000169997
0.702658619,0.017077499,0.11167904,0.093273236,0.046377385,0.013524241,0.001270456,0.009300846,0.001548779,0.002031848,0.000974025,0.000284027
0.05297483,0.037946071,0.351656667,0.457342192,0.00799587,0.025507769,0.008900544,0.013884511,0.018973205,0.017588778,0.004806114,0.002423451
0.573715464,0.158257727,0.089931547,0.077453602,0.000903294,0.007691658,0.000498274,0.031130231,0.022380411,0.025087104,0.003525706,0.009424983
0.106484801,0.214466334,0.084356102,0.573608636,0.00307091,0.006477843,0.000190655,0.00947114,0.001276717,0.000280947,0.000108517,0.000207395
0.699466028,0.200951393,0.068406435,0.009781916,0.019992033,0.000323491,0.000410371,0.000489624,5.76717E-05,1.19875E-05,0.000100161,8.88801E-06
0.921399295,0.003388101,0.000268089,0.007166935,0.030859163,0.00561062,0.024955574,0.006004737,0.000259423,6.5585E-05,1.3635E-05,8.84227E-06
0.4240643,0.57371169,0.001335138,0.00016077,0.000263286,0.00044935,8.02721E-06,8.70874E-07,3.11259E-06,1.90899E-06,1.75104E-07,1.37119E-06
0.969383743,0.009969428,0.013202084,0.00368189,0.00129676,0.001622541,0.000797714,3.4026E-05,1.63137E-06,6.95006E-06,1.15222E-07,3.11628E-06
0.313636738,0.217045226,0.141453388,0.011551504,0.109826421,0.089880596,0.079740037,0.031562387,0.001260603,0.003541129,0.000450888,5.10847E-05
0.408694129,0.299655629,0.033228902,0.102402047,0.154944809,0.000768335,2.02087E-05,0.000171453,1.26827E-05,1.17505E-05,2.39395E-05,6.61146E-05
0.729984291,0.231512721,0.024390423,0.009903012,0.002368936,0.000383385,0.001027361,7.50619E-05,0.00010056,0.000105071,0.000134083,1.50945E-05
0.799513507,0.081580405,0.045802656,0.070807331,0.000492473,0.001255391,0.000168926,0.000172112,0.000146639,3.61533E-05,1.19966E-05,1.24118E-05
0.629824807,0.249495527,0.048400773,0.01771746,0.006637914,0.047225023,4.34076E-05,0.000381205,0.000133608,4.74015E-05,1.63791E-05,7.6495E-05
0.712473499,0.07040477,0.12068196,0.07807251,0.011829031,0.00459378,0.000195385,0.000856311,0.000464237,5.57422E-05,7.47195E-05,0.000298056
0.901712946,0.011998369,0.082178508,0.003760412,0.000242823,2.37042E-05,6.60689E-05,8.11082E-06,3.54294E-06,3.77983E-06,1.13541E-06,5.99002E-07
0.508340961,0.393560565,0.093999462,0.002364055,0.000933744,0.000224208,0.000109617,0.000433287,5.31425E-06,1.77434E-05,3.86319E-06,7.17868E-06
0.201184352,0.214831419,0.089577643,0.209276275,0.065692616,0.000151736,0.104398888,0.073236036,0.024407811,0.014623155,0.002555032,6.5037E-05
0.609656201,0.227826076,0.087144229,0.067716981,0.006776716,0.00078312,6.96718E-05,2.35446E-05,1.01715E-06,2.04404E-06,3.94232E-07,6.23137E-09
0.660164258,0.103326959,0.151079167,0.030453591,0.027640864,0.00148936,0.015869289,0.007720734,0.000888243,0.001244111,0.000107739,1.56866E-05
0.080739935,0.803060368,0.00454773,0.006360093,0.046088732,0.04311407,0.004015821,0.003431989,0.003969281,0.004630913,2.15104E-05,1.95577E-05
0.746442351,0.040278962,0.157040254,0.009991056,0.006573913,0.000949694,0.004635755,0.00494874,0.020055858,0.001392228,0.001354904,0.006336284
0.002836394,0.002410837,0.910360712,0.056082352,0.008151492,0.006225415,0.003095474,0.000705216,0.000679523,0.008467721,3.40852E-05,0.000950781
0.95874111,0.022643891,0.005357927,0.006189976,0.003751054,0.002210275,9.6006E-05,0.000205673,0.000569872,3.30636E-05,0.000170727,3.04245E-05
0.736208123,0.057523216,0.176951483,0.010227328,0.012151113,0.000512544,0.001233285,0.00016488,0.003551501,0.001215347,0.000135318,0.000125861
0.859875675,0.053898223,0.038411244,0.008221299,0.012759269,0.019169197,0.00642096,0.000431143,9.54186E-06,0.000424354,0.000359467,1.96265E-05
0.914289757,0.085388032,0.000295411,2.29081E-05,6.37294E-08,2.02551E-06,4.80449E-07,5.19132E-07,3.86898E-07,2.06707E-07,2.06189E-07,3.6645E-09
0.335124924,0.35661162,0.152179711,0.12593468,0.023990371,0.005412302,0.000152175,0.000463509,8.62643E-05,4.24589E-05,1.63882E-06,3.47089E-07
0.933492643,0.014965723,0.023512168,0.013675529,0.006985306,0.001432474,0.000787647,0.001116162,0.001510333,0.000138863,0.002020984,0.000362168
0.482567923,0.231383004,0.135887935,0.124051742,0.014762693,0.005334052,0.0007009,0.004924815,0.00021671,2.65163E-05,4.11298E-05,0.000102579
0.01447682,0.401786478,0.324515887,0.086612108,0.008272936,0.071655845,0.039692473,0.001694414,0.025446579,0.000943173,0.017687175,0.00721611
0.218384374,0.273438014,0.333698584,0.156577716,0.002542508,0.000463343,0.008526078,0.003387332,0.002483725,0.000410252,1.42054E-05,7.3868E-05
0.624518041,0.216327959,0.147870095,0.00662048,0.000784526,0.003274189,0.000286464,3.44636E-07,0.000191217,3.58819E-05,4.78022E-05,4.29998E-05
0.726581859,0.066780243,0.010329677,0.072383435,0.087834658,0.007707841,0.010724123,0.010390505,0.001147741,0.002159109,1.51897E-05,0.003945618
0.189906981,0.263564005,0.039682985,0.184995189,0.030331879,0.229860047,0.008322226,0.044945967,0.001806615,0.004701779,0.001410003,0.000472325
0.38167732,0.3453336,0.212331744,0.006287438,0.007112212,0.028976927,0.008300123,0.00260997,0.001092519,0.003653528,0.002246033,0.000378587
0.280293214,0.632443339,0.043628372,0.012711956,0.005672669,0.013850317,0.004994597,0.001097471,0.003536937,0.000959645,0.000758348,5.31362E-05
0.839088488,0.063874617,0.090579526,0.000454156,0.003928974,0.000766586,0.000115105,0.000858257,0.000135727,0.000105984,8.23591E-05,1.0221E-05
0.572910643,0.234065824,0.072685138,0.074294116,0.002432973,0.009516339,0.008287364,0.007014306,0.00681911,0.007011069,0.00193713,0.003025988
0.077319037,0.293528881,0.135181973,0.16932673,0.074403493,0.141028258,0.060763612,0.02931004,0.004467965,0.011611155,0.001590365,0.001468491
0.995433647,0.003414042,0.000344553,0.000245362,0.000281677,7.27556E-05,6.88544E-05,5.48737E-05,1.69267E-05,4.64735E-05,5.79493E-06,1.50401E-05
0.186868208,0.42328235,0.380004293,0.003608392,0.000430568,0.002933158,0.002625359,0.000144942,3.99229E-06,1.07498E-05,1.15277E-05,7.64604E-05
0.365585527,0.369174078,0.043468717,0.158910288,0.013389016,0.011136139,0.033144891,0.000568747,0.00156345,0.001146092,0.000295798,0.001617257
0.413979205,0.444493495,0.073886773,0.054466162,0.011521401,0.00055409,6.92048E-05,0.000250934,0.00061388,0.000156361,6.43154E-06,2.06278E-06
0.156777817,0.051915428,0.052400869,0.583219032,0.139926107,0.013853722,0.001344872,0.000317138,0.000174881,5.33376E-05,1.23449E-05,4.45237E-06
0.315089773,0.017380554,0.627083667,0.002077757,0.017547102,0.003016971,0.016720636,0.000711859,7.73338E-05,9.15995E-05,3.05201E-05,0.000172229
0.69725195,0.041549812,0.235436106,0.008869341,0.00023399,0.013440112,0.000795789,0.000396286,0.001413491,2.93354E-05,0.00056039,2.3398E-05
0.048008095,0.674770741,0.029769244,0.004121808,0.210096985,0.00820327,0.010509662,0.004440744,0.008786015,0.000420732,0.000782686,9.00172E-05
0.937667426,0.011001554,0.025998271,0.012868101,0.00596635,0.005277488,0.000591188,0.000255201,8.54216E-05,2.09025E-05,6.94501E-05,0.000198648
0.114907479,0.197939298,0.16639115,0.286537817,0.025976855,0.187311602,0.019950048,0.000789259,0.000159587,1.50451E-05,1.51983E-05,6.6623E-06
0.027559778,0.820299628,0.104487763,0.006188511,0.004311629,0.022102523,0.012052036,0.000117273,0.00087128,0.00109011,0.000321315,0.000598155
0.58026999,0.39365889,0.005902044,0.002144908,0.002003991,0.012035688,0.001830372,0.000903629,0.000476135,0.000769014,2.13094E-06,3.2096E-06
0.768546053,0.114664641,0.077423366,0.000907653,0.036130296,0.00216205,6.9393E-05,7.33258E-05,9.07304E-06,1.3403E-05,6.48716E-07,9.73132E-08
0.472241894,0.204234654,0.322271454,0.000224391,0.000299113,0.000182948,0.000297483,0.000235167,1.86247E-06,6.26697E-06,4.75952E-06,7.16806E-09
0.214399506,0.286891644,0.427656603,0.025833163,0.008196397,0.034504267,0.000735957,0.001090132,0.000504732,8.49784E-05,4.88093E-05,5.38089E-05
0.157636739,0.820332867,0.015868976,0.002515707,0.001156379,0.000119501,2.30332E-05,0.001716062,0.000295497,0.000280343,2.41149E-06,5.24853E-05
0.102960664,0.368347522,0.09380746,0.130175582,0.006731525,0.092200832,0.106530403,0.091222181,0.002768399,0.004783174,0.000428867,4.33909E-05
0.768096846,0.142518581,0.071832101,0.007606257,0.008296603,0.000834752,0.000261455,6.6068E-05,0.000309328,6.53954E-05,0.000106255,6.35812E-06
0.404921038,0.454976938,0.051071104,0.001723247,0.079421015,0.001192977,0.00552331,3.63108E-06,0.000967792,4.17568E-05,0.000145683,1.15073E-05
0.318742258,0.492359105,0.006747473,0.066043,0.050145819,0.056692497,0.005371641,0.003807916,7.12492E-05,8.63171E-08,1.39896E-05,4.96604E-06
0.584797577,0.008318061,0.277574359,0.103669485,0.011918458,0.013495886,0.00017916,3.61648E-05,8.51742E-06,1.14059E-06,1.00222E-06,1.90133E-07
0.773125963,0.206517135,0.010725567,0.009605058,2.59681E-05,1.60264E-07,3.32488E-08,1.00376E-07,5.6639E-09,2.07054E-09,1.05319E-09,5.80744E-09
0.764563221,0.145370702,0.058980617,0.007421992,0.013623747,0.005859525,0.003364243,0.000751996,1.14425E-05,3.67756E-05,1.05505E-05,5.18822E-06
0.144391583,0.329739454,0.120345164,0.367208901,0.015711622,0.002258108,0.004348407,0.001474631,0.004091749,0.009671033,0.000414872,0.000344476
0.671573945,0.002245122,0.315985642,0.005753898,0.00413274,0.000259706,3.34471E-05,3.48657E-06,9.33172E-06,1.34076E-06,2.3697E-07,1.10425E-06
0.634218169,0.139417119,0.019200296,0.124865871,0.009319893,0.069783076,0.002951143,8.4127E-05,0.000158617,1.63862E-06,2.6213E-08,2.48864E-08
0.532300843,0.465097896,4.78264E-05,0.000293464,0.001453084,0.000774776,1.34909E-05,1.29945E-08,1.04378E-05,4.82446E-06,8.39705E-07,2.50599E-06
0.309577086,0.284821262,0.250760603,0.049235782,0.027345397,0.056501336,0.00514315,0.003619733,0.003620694,0.006143066,0.000579205,0.002652685
0.365838227,0.586629482,0.001844227,0.022082702,0.007790485,0.01149106,0.000719094,0.001344537,0.002185652,2.84186E-05,1.02463E-05,3.58678E-05
0.741588586,0.096011867,0.141058661,0.010434101,0.007627658,0.001739477,5.76537E-05,0.001287079,7.41615E-05,8.92356E-05,2.65956E-05,4.92425E-06
0.562072146,0.254189652,0.107196354,0.037962197,0.0253932,0.003024488,0.001390164,0.001534033,0.004573923,0.00026256,0.000453342,0.001947942
0.787671398,0.06667772,0.00181506,0.049636452,0.023373803,0.064106148,0.002204251,0.00360503,0.000403938,1.41657E-06,0.000193475,0.000311309
0.048058146,0.690233409,0.163099699,0.044459307,0.013616879,0.001262329,0.021365084,0.006540722,0.001236706,0.009896816,5.88582E-06,0.000225016
0.492585192,0.247845462,0.006360953,0.218027771,0.026640165,0.001323598,0.006589405,0.000186445,0.000314531,7.13342E-05,5.16425E-05,3.50064E-06
0.194448124,0.570891602,0.128253324,0.013783712,0.025352105,0.005062145,0.032163095,0.018747096,0.009090641,0.000883891,0.000517289,0.000806976
0.852470024,0.091949629,0.045223035,0.000595469,0.004051746,0.004727672,0.000791799,5.37339E-05,3.02254E-05,9.49157E-05,7.5942E-06,4.15671E-06
0.901667395,0.035403481,0.041009984,0.009342529,0.001185809,0.005073132,0.003450716,0.001234276,0.00051026,0.000671929,0.000380996,6.94929E-05
0.69903335,0.171024222,0.0752856,0.043318789,0.002472685,0.000610028,0.007442183,0.000755616,2.26666E-05,1.39352E-05,1.10271E-06,1.98225E-05
0.789262429,0.0584562,0.100867804,0.007667176,0.016062162,0.018010364,0.002338854,0.006142566,0.000691638,0.000247554,5.71636E-06,0.000247536
0.891559617,0.015405557,0.038409035,0.049193175,0.003674847,0.000695506,0.000363961,0.000697235,3.65258E-08,4.48909E-09,4.59989E-07,5.65392E-07
0.915500113,0.069827293,0.013150759,0.000959719,0.000469906,6.09227E-05,1.19463E-05,1.30199E-05,3.81599E-06,1.46631E-06,9.20168E-07,1.18518E-07
0.464890194,0.344604405,0.17644611,0.005214121,0.000337905,0.00672971,0.000503083,0.000883111,0.000167699,1.11801E-05,0.00015191,6.0573E-05
0.585952957,0.341338335,0.024849686,0.005495415,0.00268538,0.014277564,0.001379709,0.001274505,0.016720967,0.003774267,0.000237265,0.002013949
0.272500481,0.312935966,0.169286714,0.225830815,0.018603162,0.00032388,0.000503096,1.14975E-05,3.37331E-06,4.52495E-07,2.3473E-07,3.27845E-07
0.517700758,0.402663271,0.051535846,0.011855958,0.008692648,3.58956E-06,0.001423859,0.003327848,0.000916106,0.000302652,0.001528797,4.86673E-05
0.878782767,0.093928941,0.014261816,0.009788479,0.001564308,0.001392923,0.000214572,3.68657E-05,2.12198E-05,2.8495E-06,4.12658E-06,1.13165E-06
0.750133496,0.016690462,0.104474969,0.091598292,0.014507992,0.000856172,0.000370668,0.015053904,0.002716599,0.003140797,0.000423489,3.31597E-05
0.571619891,0.111863693,0.144518253,0.13861796,0.006871324,0.000392254,0.014749408,0.007356466,0.002053138,0.001559887,0.000131417,0.00026631
0.160355004,0.259816366,0.558494426,0.015673162,0.005051745,0.000497297,5.65591E-05,5.51466E-05,7.38227E-08,1.02899E-07,7.37095E-08,4.27668E-08
0.92179459,0.015452596,0.016381414,0.041015217,0.000920334,0.000190817,0.000662851,0.002551735,0.000949691,2.2634E-05,1.08415E-05,4.72798E-05
0.58382435,0.295013851,0.088928074,0.006205935,0.00550255,0.001046219,0.01304439,0.003243557,0.000848613,0.002255134,6.96178E-05,1.77104E-05
0.853839423,0.021851598,0.110204036,0.008939441,0.004449378,0.000213434,0.000323766,0.000115277,2.56544E-05,3.03723E-05,5.28576E-06,2.33538E-06
0.4469823,0.250195694,0.161115981,0.068590716,0.016167377,0.01442227,0.027570726,0.003744111,0.010347799,0.000125701,0.000664712,7.26147E-05
0.074111018,0.688264295,0.20245563,0.004415832,0.011948206,0.014804552,0.000465293,0.001202079,0.001161725,0.000202123,0.000770703,0.000198543
0.190580517,0.307201995,0.077588669,0.312924479,0.103249227,0.006500086,0.000388085,0.000460244,0.000723285,0.000180056,0.000138298,6.50595E-05
0.701579385,0.074975167,0.011307261,0.183811542,0.027405973,0.000591133,1.19645E-06,6.34896E-05,4.90692E-05,0.000201053,1.00899E-05,4.6416E-06
0.349569525,0.144005398,0.43688517,0.055560069,0.008937818,0.000738658,0.00354405,0.000377019,1.64045E-05,0.000253427,1.61957E-06,0.000110841
0.227566066,0.688835648,0.005326225,0.076788331,0.000241358,0.000272931,0.000214433,0.000625681,5.26472E-06,0.000121088,2.12706E-06,8.46651E-07
0.559263327,0.227822993,0.167116477,0.044411269,0.000196604,0.001185994,2.11212E-06,3.61613E-07,7.67546E-07,4.23832E-08,9.90381E-09,4.23003E-08
0.217067167,0.317898944,0.451713241,0.006475557,0.004330395,6.60786E-05,0.001166219,0.000512479,3.72432E-05,6.23312E-05,0.000140546,0.000529801
0.658738361,0.332707547,0.001117686,0.007204574,2.10257E-05,9.62725E-05,5.13737E-05,3.94179E-05,1.73424E-05,2.3415E-06,1.92242E-06,2.13582E-06
0.167151642,0.790686789,0.011489143,0.008666269,0.006985949,0.006627372,0.003463962,0.001493635,0.003037659,0.000183997,0.000115513,9.80692E-05
0.679960183,0.137197174,0.096411026,0.005235484,0.046724569,0.01495347,0.01515178,0.001466458,0.00124053,0.000958618,0.000601248,9.94593E-05
0.287302341,0.37726476,0.078934731,0.122794525,0.04511715,0.059650888,0.004278668,0.024557202,9.95121E-05,8.12486E-08,7.50184E-08,6.64333E-08
0.42187186,0.233271145,0.112869098,0.102468789,0.104463909,0.012141102,0.007399945,0.001488196,0.002852708,4.33133E-05,0.000372286,0.000757649
0.794476481,0.173070599,0.017813371,0.01336065,0.000466866,0.000146673,0.000330337,6.62001E-05,6.36289E-06,0.000189169,8.7974E-07,7.24103E-05
0.625872581,0.122572591,0.149890074,0.046135475,0.022936756,0.006840349,0.009215323,0.013958371,0.001290104,0.000930762,0.000289849,6.77651E-05
0.99095055,0.00253315,0.001774999,0.003295979,0.000547996,0.000857807,1.32529E-05,2.11202E-06,2.39856E-05,2.92205E-08,2.36017E-08,1.14138E-07
0.844909837,0.019699012,0.097249873,0.028749971,0.007438942,0.001455993,0.000489514,3.82498E-06,2.14942E-06,6.00521E-08,1.02898E-07,7.19772E-07
0.581192509,0.08123453,0.182663616,0.049448039,0.002784163,0.084923709,0.005338056,0.004528602,0.007509485,0.000284347,4.1788E-05,5.11577E-05
0.459970209,0.064400353,0.462169452,0.009205603,0.004026727,0.000144529,3.72701E-05,3.36301E-05,1.38527E-06,6.8957E-06,2.41778E-07,3.70359E-06
0.870489839,0.079908743,0.041430546,0.007269613,0.000668272,0.000167789,1.51923E-05,3.9881E-05,4.66102E-06,4.29044E-06,1.39828E-07,1.03441E-06
0.786222351,0.176694868,0.025623128,0.001103376,0.005227931,0.004859727,6.31446E-06,0.000155636,1.27571E-05,5.92258E-05,1.45692E-05,2.01161E-05
0.244431499,0.606192885,0.076208441,0.044443127,0.005634611,0.012335749,0.008675738,0.000990339,2.0016E-05,0.00027641,0.000135262,0.000655923
0.388630985,0.304886724,0.020946535,0.073365646,0.052029855,0.085087976,0.064310626,0.006140028,0.004219503,0.000146179,3.2941E-05,0.000203002
0.570284976,0.050369357,0.229360157,0.00390045,0.068192262,0.047440618,0.02387187,0.000357914,0.004930715,0.000734173,0.000413711,0.000143799
0.902724933,0.019081802,0.063257972,0.005620531,0.00279768,0.005610186,0.000289498,0.000577282,3.17711E-05,3.11446E-06,1.29266E-06,3.93703E-06
0.532441962,0.167866066,0.215214032,0.077985235,0.001256166,0.001036396,0.003700412,0.000306499,0.000162914,2.10807E-05,3.01778E-06,6.21896E-06
0.777533672,0.057693606,0.107826943,0.034499691,0.019519254,0.001629895,0.000769711,0.000135643,0.000370138,1.91467E-05,1.36223E-06,9.39359E-07
0.152279134,0.323975571,0.082885756,0.28785838,0.139284923,0.005192848,0.000290884,0.002369977,0.000902112,0.004950575,8.90998E-06,9.32465E-07
0.690582202,0.088746335,0.062552472,0.153551512,0.000203522,0.002957826,0.00024281,0.00084177,0.000266484,3.79629E-06,1.74471E-05,3.38227E-05
0.63490162,0.256212732,0.104550436,0.00430915,1.94275E-05,4.99943E-06,1.09965E-06,3.59435E-07,1.12556E-07,6.31779E-08,7.13242E-10,3.53341E-10
0.267224189,0.636061934,0.044779194,0.03999601,0.006839555,0.002617964,0.000865751,0.001482074,7.09116E-05,3.32215E-05,2.23376E-05,6.85885E-06
0.115601512,0.523575779,0.31929404,0.015975815,0.025405791,6.10922E-05,6.09879E-05,7.45351E-06,2.65217E-06,1.43907E-05,1.2326E-07,3.63129E-07
0.867085017,0.006655652,0.052827341,0.02881638,0.000932093,0.039313601,0.002938739,0.000716538,0.000369113,0.000325318,1.5025E-05,5.18141E-06
0.710586924,0.108853404,0.124512738,0.002027138,0.044327625,0.000535842,0.007912238,0.001058661,7.21402E-05,4.35306E-05,2.00118E-05,4.9747E-05
0.154176034,0.341219162,0.00887039,0.266065357,0.15658645,0.013659682,0.049586764,0.006780452,0.00221493,0.000557224,0.000251807,3.17488E-05
0.35172511,0.275315643,0.360855708,0.004863644,0.007206987,2.96342E-07,2.6571E-05,8.9516E-07,1.20218E-06,2.26498E-06,1.02407E-07,1.57486E-06
0.647130191,0.019578584,0.170964255,0.043647636,0.089571675,0.026362271,0.001751538,0.000789672,7.36011E-05,0.000111059,1.80669E-05,1.45166E-06
0.582849793,0.331613126,0.019335872,0.060128133,0.001726667,0.003476324,0.000507862,7.3858E-05,0.000202862,5.71652E-05,8.82138E-07,2.74566E-05
0.85379844,0.014962107,0.116241367,0.002747666,0.001661921,0.006241302,0.001994189,0.001462748,0.000296127,5.74989E-05,0.000486256,5.03784E-05
0.584701516,0.180417953,0.144962372,0.015478843,0.005619069,0.046294263,0.01900549,0.001774496,0.000439984,0.000566427,0.000568227,0.000171361
0.104201442,0.121180559,0.169413787,0.035215908,0.270957791,0.091599005,0.153787256,0.01030617,0.028995129,0.010394577,0.002508491,0.001439885
0.710744124,0.143159667,0.067270995,0.031812564,0.019684908,0.007081304,0.015240373,0.001408216,0.000817089,0.001126873,2.20686E-05,0.001631818
0.84758767,0.054206215,0.045422293,0.039618288,0.010749615,0.000332658,0.002011779,3.51292E-05,8.11211E-06,1.71395E-05,4.66854E-06,6.43261E-06
0.432144344,0.323433641,0.121640752,0.077975268,0.02280762,0.016786121,0.004795532,0.000367525,4.85899E-05,2.16626E-07,1.39478E-07,2.51043E-07
0.853098208,0.052046364,0.085115359,0.007066886,0.001250695,0.000526214,0.000311308,9.72815E-05,0.00016868,0.000260728,8.32175E-06,4.9955E-05
0.461196584,0.152786779,0.076577974,0.18799822,0.003929001,0.064747839,0.018772297,0.009543717,0.019631173,0.003624294,0.000114539,0.001077583
0.866541582,0.077964055,0.003832139,0.021109167,0.009040444,0.010998286,0.005622554,0.002752809,0.000451505,0.001648366,3.63402E-05,2.75436E-06
0.389290693,0.486735071,0.036363501,0.017493952,0.013909932,0.007373983,0.046353373,0.001546641,0.000197419,0.000242756,0.000238452,0.000254225
0.871537848,0.124445956,0.000833329,0.000610707,0.001383722,0.000518915,0.000118581,0.000410938,0.000118229,2.01709E-05,3.1875E-07,1.2855E-06
0.003365696,0.279302282,0.433087383,0.275719307,0.001010379,0.004233452,0.000137227,0.001747485,0.000432929,0.000745963,2.21103E-05,0.000195787
0.249701935,0.081172412,0.221283927,0.005535206,0.190219288,0.015938938,0.069951898,0.022918399,0.112003604,0.015195411,0.015258633,0.000820347
0.059103362,0.308369828,0.436767942,0.01661435,0.072285384,0.098250701,0.007358117,0.001181348,1.81004E-05,2.10173E-05,2.47312E-05,5.11892E-06
0.077222454,0.427278895,0.490435543,0.00288361,0.002075836,3.26651E-06,2.40931E-05,5.58894E-05,1.77117E-05,3.70634E-07,1.81234E-06,5.18752E-07
0.56689849,0.090583399,0.111701126,0.066292556,0.032832909,0.07838793,0.052399499,0.000226864,0.000546289,0.000120042,8.19478E-07,1.00767E-05
0.952297209,0.019184908,0.010816623,0.001382544,0.001965324,0.013157303,0.000811227,0.000197429,0.000133791,2.79151E-05,5.34047E-06,2.0387E-05
0.457089634,0.458521188,0.077737944,0.001298198,0.003539865,0.000161493,0.001566132,3.94725E-05,3.89721E-05,3.92971E-08,6.6357E-06,4.26123E-07
0.47736237,0.482283414,0.00812312,0.009788416,0.004610052,0.013713993,2.0127E-06,0.00085374,0.003177619,8.36828E-05,1.64749E-07,1.41406E-06
0.717403034,0.253431985,0.013419542,0.004149397,0.011475513,7.51571E-05,2.93065E-05,8.35054E-06,1.45869E-06,3.87588E-06,7.61642E-08,2.30426E-06
0.122809121,0.846303964,0.012219258,0.00446659,0.001704835,0.003757612,0.006358813,0.000581354,0.00054658,0.000515665,0.000439188,0.00029702
0.588904973,0.218536338,0.03378829,0.091529783,0.001072158,0.050509739,0.010726093,0.002442275,0.002379912,3.47294E-05,5.47215E-06,7.02376E-05
0.612096918,0.37024724,0.001872692,0.008121201,0.002686919,0.002349044,0.001221891,0.000596492,0.000336817,1.32359E-05,0.00026738,0.000190168
0.102699707,0.722874759,0.105901349,0.054709735,0.009349888,0.002726704,0.001467598,0.000100148,0.00010056,3.30441E-05,1.30769E-05,2.3432E-05
0.374070966,0.14051888,0.391031686,0.001974212,0.055361512,0.012945048,0.004973855,0.001494949,0.007604542,0.000817829,0.008664933,0.000541588
0.864003025,0.0991379,0.00752732,0.010803769,0.00804839,0.004864311,0.002591302,0.002011841,0.000484449,0.000382019,8.52335E-05,6.04398E-05
0.373153707,0.110888184,0.193560341,0.100157462,0.21745681,0.000468472,0.003626561,0.000524559,3.86962E-07,0.000108965,2.27271E-05,3.18241E-05
0.892737953,0.059444657,0.031602677,0.015881886,8.42349E-05,3.3567E-05,5.0002E-05,4.3546E-05,5.89374E-06,6.31267E-05,2.49349E-05,2.75221E-05
0.033403466,0.62172321,0.184133139,0.142622548,0.006352261,0.005232685,0.002909533,0.001157942,0.000212563,0.001539673,3.61218E-05,0.000676858
0.50736922,0.318643576,0.172571386,0.000531247,0.000533477,5.7564E-05,0.000236175,3.62392E-05,7.7564E-06,4.15769E-06,8.67992E-06,5.20055E-07
0.602033683,0.022734137,0.137415423,0.07599975,0.088366627,0.030757653,0.035166146,0.001187486,0.005009828,0.000755837,0.000426068,0.000147364
0.607761515,0.122987827,0.243233452,0.005172041,0.004054534,0.009431208,0.000204771,0.005206528,0.00132427,0.000554278,8.85904E-06,6.07162E-05
0.592522768,0.380361253,0.018511797,0.000770449,0.007386728,0.000354775,2.5323E-05,1.56023E-05,3.54853E-05,1.03512E-05,1.13954E-06,4.32944E-06
0.636703452,0.17569954,0.063860941,0.044504466,0.006240125,0.044604315,0.006350538,0.001300634,0.020390124,0.000308109,1.94538E-05,1.83023E-05
0.981671656,0.003580553,0.011125698,0.002525835,0.000224715,0.000253422,0.000591623,2.36953E-05,4.58643E-07,7.34209E-07,5.30826E-07,1.07927E-06
0.816190545,0.174095851,0.003643765,0.002755701,0.001186285,0.001318908,8.22685E-05,0.000644118,7.13644E-05,5.72808E-06,5.02906E-06,4.37416E-07
