C1,C2,C3,C4,C5,C6,C7,C8,C9,C10
0.083370917,0.09496039,0.09496039,0.07416613,0.098540908,0.16837285,0.062917789,0.09496039,0.09496039,0.132789844
0.082590017,0.093060405,0.093060405,0.063222028,0.094288581,0.182092538,0.067058855,0.093060405,0.093060405,0.13850636
0.100491239,0.081259862,0.081259862,0.217435587,0.057372317,0.175567816,0.055773752,0.081259862,0.081259862,0.068319841
0.072009586,0.146336388,0.146336388,0.039516977,0.040153253,0.03106562,0.188573723,0.146336388,0.146336388,0.04333529
0.064670877,0.151517008,0.151517008,0.03983542,0.041361136,0.030804072,0.172796756,0.151517008,0.151517008,0.044463708
0.086043284,0.125668349,0.125668349,0.035009361,0.085918546,0.050986814,0.151352326,0.125668349,0.125668349,0.088016274
0.062440394,0.14297782,0.14297782,0.072983502,0.06555881,0.06603998,0.087866189,0.14297782,0.14297782,0.073199844
0.047268518,0.140573753,0.140573753,0.045405183,0.085972338,0.048710426,0.117183078,0.140573753,0.140573753,0.093165446
0.060528323,0.122935022,0.122935022,0.030142936,0.041525501,0.028429813,0.301623889,0.122935022,0.122935022,0.046009448
0.072698794,0.148647995,0.148647995,0.042456435,0.041828338,0.033649632,0.169855938,0.148647995,0.148647995,0.044918882
0.096209785,0.142473732,0.142473732,0.045049659,0.051958274,0.041100484,0.141144442,0.142473732,0.142473732,0.054642427
0.05060192,0.046783936,0.046783936,0.618267521,0.024115833,0.054200667,0.034928993,0.046783936,0.046783936,0.03074932
0.037650466,0.108742337,0.108742337,0.02481188,0.175038372,0.043112052,0.090625636,0.108742337,0.108742337,0.193792245
0.047664216,0.060441703,0.060441703,0.523538841,0.032656306,0.066459012,0.046811547,0.060441703,0.060441703,0.041103267
0.10360594,0.140440136,0.140440136,0.027767855,0.043621921,0.02868512,0.189053056,0.140440136,0.140440136,0.045505563
0.082172409,0.147707581,0.147707581,0.048523737,0.045448104,0.035868009,0.150440755,0.147707581,0.147707581,0.046716662
0.040742887,0.101871426,0.101871426,0.023598845,0.036213187,0.021821412,0.427851072,0.101871426,0.101871426,0.042286893
0.048097532,0.147382538,0.147382538,0.048814006,0.071687821,0.044553538,0.118920805,0.147382538,0.147382538,0.078396147
0.10969005,0.079414596,0.079414596,0.323051784,0.041522384,0.099958226,0.054982371,0.079414596,0.079414596,0.053136799
0.059885076,0.14336092,0.14336092,0.076311803,0.068395923,0.057075028,0.087749091,0.14336092,0.14336092,0.0771394
0.239906986,0.112492502,0.112492502,0.033117303,0.063701831,0.049004756,0.101353524,0.112492502,0.112492502,0.062945593
0.091967941,0.083718277,0.083718277,0.239460586,0.054795997,0.15100273,0.059820506,0.083718277,0.083718277,0.068079131
0.04105081,0.059472829,0.059472829,0.029522927,0.157133461,0.137415337,0.035928223,0.059472829,0.059472829,0.361057928
0.24043215,0.10425476,0.10425476,0.036771634,0.079582967,0.060412441,0.089743748,0.10425476,0.10425476,0.076038021
0.580834519,0.06096028,0.06096028,0.038526547,0.027630219,0.037752976,0.040826505,0.06096028,0.06096028,0.030588114
0.017809906,0.017366836,0.017366836,0.860696769,0.00876467,0.019866285,0.012429357,0.017366836,0.017366836,0.010965671
0.162838733,0.129420211,0.129420211,0.054989391,0.066230903,0.061229124,0.069168195,0.129420211,0.129420211,0.067862811
0.043124449,0.052296138,0.052296138,0.601010911,0.0257829,0.050649671,0.038534465,0.052296138,0.052296138,0.031713054
0.091675808,0.140819832,0.140819832,0.06572392,0.068576543,0.05931989,0.076425325,0.140819832,0.140819832,0.074999187
0.043746396,0.083958915,0.083958915,0.023842823,0.237659177,0.0471521,0.076972625,0.083958915,0.083958915,0.234791221
0.056870681,0.13481093,0.13481093,0.032336698,0.043509866,0.028293372,0.251820127,0.13481093,0.13481093,0.047925535
0.043653947,0.097039317,0.097039317,0.02274374,0.036273589,0.022344691,0.444321963,0.097039317,0.097039317,0.042504801
0.050757976,0.047048636,0.047048636,0.053303967,0.060445938,0.533959671,0.031912771,0.047048636,0.047048636,0.081425131
0.062867372,0.14963184,0.14963184,0.066485334,0.06008014,0.055171457,0.088053829,0.14963184,0.14963184,0.068814509
0.16113614,0.130719143,0.130719143,0.036171817,0.072601189,0.056174073,0.079099364,0.130719143,0.130719143,0.071940846
0.046608463,0.140958229,0.140958229,0.044043684,0.077198356,0.045669069,0.136361908,0.140958229,0.140958229,0.086285606
0.030870601,0.06270069,0.06270069,0.017403801,0.393126987,0.036821073,0.046637376,0.06270069,0.06270069,0.224337401
0.02681924,0.029825088,0.029825088,0.762951091,0.015407123,0.033976404,0.021272833,0.029825088,0.029825088,0.020272959
0.060992206,0.124963868,0.124963868,0.030970838,0.043758006,0.029696164,0.285691458,0.124963868,0.124963868,0.049035857
0.03726535,0.07498773,0.07498773,0.025118307,0.175218989,0.052784388,0.063378264,0.07498773,0.07498773,0.346283782
0.098528095,0.078473367,0.078473367,0.148414085,0.064070945,0.245232922,0.053138495,0.078473367,0.078473367,0.076721991
0.089660919,0.140818578,0.140818578,0.063225342,0.054104658,0.046608221,0.127948333,0.140818578,0.140818578,0.055178217
0.060839614,0.05739159,0.05739159,0.066345183,0.072648914,0.448430456,0.035246996,0.05739159,0.05739159,0.086922476
0.552456683,0.064444839,0.064444839,0.036161828,0.032202359,0.03906613,0.048552025,0.064444839,0.064444839,0.03378162
0.037330435,0.045429995,0.045429995,0.649388787,0.022881688,0.046890128,0.033242478,0.045429995,0.045429995,0.028546503
0.116160341,0.086762468,0.086762468,0.15834873,0.061573737,0.179515393,0.064679937,0.086762468,0.086762468,0.07267199
0.028552153,0.040322268,0.040322268,0.012938311,0.582592686,0.036690635,0.028149019,0.040322268,0.040322268,0.149788124
0.103802005,0.089987083,0.089987083,0.173910168,0.062341447,0.158983694,0.066104681,0.089987083,0.089987083,0.074909671
0.042701259,0.066674674,0.066674674,0.031687465,0.153228227,0.10077527,0.051612645,0.066674674,0.066674674,0.353296438
0.111985558,0.088679476,0.088679476,0.042165581,0.132413253,0.15851197,0.05441244,0.088679476,0.088679476,0.145793295
0.051252819,0.138278328,0.138278328,0.049755321,0.08116826,0.05147671,0.12274675,0.138278328,0.138278328,0.090486827
0.082574361,0.140816616,0.140816616,0.034499013,0.040450238,0.028863949,0.207825265,0.140816616,0.140816616,0.04252071
0.072662817,0.14718028,0.14718028,0.032477328,0.040303873,0.02685878,0.196256929,0.14718028,0.14718028,0.042719154
0.112945538,0.144531175,0.144531175,0.047826044,0.066589801,0.055458825,0.069933479,0.144531175,0.144531175,0.069121614
0.031841033,0.060422644,0.060422644,0.015272656,0.419097177,0.032697152,0.043646511,0.060422644,0.060422644,0.215754896
0.022365095,0.037418355,0.037418355,0.01035943,0.613851033,0.025849311,0.027723552,0.037418355,0.037418355,0.150178159
0.094184282,0.12233371,0.12233371,0.036072239,0.095051801,0.057100422,0.133457031,0.12233371,0.12233371,0.094799384
0.3477719,0.0970354,0.0970354,0.062995478,0.040897213,0.047207524,0.068420169,0.0970354,0.0970354,0.044566116
0.037636369,0.04508477,0.04508477,0.647823919,0.022789731,0.04905686,0.032863311,0.04508477,0.04508477,0.029490731
0.129354896,0.093621021,0.093621021,0.14574717,0.059815571,0.147554738,0.071337617,0.093621021,0.093621021,0.071705924
0.065520732,0.085971743,0.085971743,0.309025714,0.050644101,0.094904616,0.0731669,0.085971743,0.085971743,0.062850965
0.085269255,0.088905541,0.088905541,0.064406117,0.100479099,0.201337954,0.056685964,0.088905541,0.088905541,0.136199446
0.567572531,0.064384768,0.064384768,0.035314306,0.029771492,0.036879739,0.04082338,0.064384768,0.064384768,0.032099479
0.040704822,0.08473276,0.08473276,0.021449145,0.26578398,0.046029626,0.075861062,0.08473276,0.08473276,0.211240323
0.07307905,0.152171232,0.152171232,0.054498549,0.058505368,0.046434112,0.098246816,0.152171232,0.152171232,0.060551175
0.06972013,0.147736513,0.147736513,0.03981464,0.040982775,0.030658504,0.183770262,0.147736513,0.147736513,0.044107638
0.083316084,0.101903452,0.101903452,0.0382518,0.149721835,0.081950255,0.081994691,0.101903452,0.101903452,0.157151528
0.025659602,0.026196329,0.026196329,0.786204933,0.014030275,0.032833242,0.018546377,0.026196329,0.026196329,0.017940255
0.046982145,0.140914425,0.140914425,0.034754525,0.060842849,0.034841272,0.191617066,0.140914425,0.140914425,0.067304443
0.049985302,0.126114539,0.126114539,0.03196086,0.052404231,0.032523055,0.271293499,0.126114539,0.126114539,0.057374895
0.085005786,0.095510627,0.095510627,0.074149557,0.090254501,0.171601207,0.068800856,0.095510627,0.095510627,0.128145584
0.045022299,0.136562507,0.136562507,0.027102639,0.047944999,0.026180111,0.254680721,0.136562507,0.136562507,0.052819203
0.04608625,0.074230928,0.074230928,0.019987888,0.316472936,0.047326676,0.057157166,0.074230928,0.074230928,0.216045374
0.047933623,0.097302352,0.097302352,0.0277227,0.257508559,0.049358905,0.070999593,0.097302352,0.097302352,0.157267211
0.039207198,0.120255678,0.120255678,0.026567611,0.04047408,0.023515637,0.340766571,0.120255678,0.120255678,0.04844619
0.093144409,0.152190018,0.152190018,0.043458172,0.044674825,0.034846556,0.129275909,0.152190018,0.152190018,0.045840058
0.062597756,0.057683393,0.057683393,0.080509502,0.06222991,0.449177924,0.037524215,0.057683393,0.057683393,0.077227122
0.083810119,0.06468186,0.06468186,0.047337367,0.097693119,0.358002591,0.038586758,0.06468186,0.06468186,0.115842607
0.02754961,0.029253494,0.029253494,0.762008755,0.015817025,0.035478765,0.022218198,0.029253494,0.029253494,0.019913671
0.095671631,0.083731498,0.083731498,0.169758763,0.065327008,0.199115639,0.057476608,0.083731498,0.083731498,0.077724357
0.174025938,0.090949813,0.090949813,0.123696927,0.059908208,0.147635257,0.057406782,0.090949813,0.090949813,0.073527634
0.180060373,0.09547509,0.09547509,0.10735364,0.062725908,0.133213019,0.059868377,0.09547509,0.09547509,0.074878325
0.081216157,0.164258191,0.164258191,0.0399536,0.043560942,0.033418266,0.100739462,0.164258191,0.164258191,0.044078809
0.103251901,0.12889422,0.12889422,0.035915569,0.077887465,0.051355559,0.137212467,0.12889422,0.12889422,0.078800159
0.116293676,0.138048268,0.138048268,0.027090626,0.051018906,0.031571427,0.170882764,0.138048268,0.138048268,0.050949529
0.035617243,0.061611117,0.061611117,0.016907618,0.434053573,0.037596911,0.046760704,0.061611117,0.061611117,0.182619481
0.036406585,0.049713324,0.049713324,0.018467796,0.488858719,0.049124045,0.033924359,0.049713324,0.049713324,0.174365198
0.143678065,0.088550809,0.088550809,0.193760615,0.052272763,0.134000023,0.056490207,0.088550809,0.088550809,0.065595088
0.104085464,0.084591726,0.084591726,0.056639035,0.101446821,0.22686121,0.05259693,0.084591726,0.084591726,0.120003638
0.018734402,0.020299853,0.020299853,0.83593226,0.01070698,0.025255341,0.014496811,0.020299853,0.020299853,0.013674796
0.079820594,0.152827618,0.152827618,0.048661844,0.053740785,0.042178975,0.10902427,0.152827618,0.152827618,0.055263063
0.036207854,0.052467804,0.052467804,0.02253014,0.228045202,0.093131919,0.032470333,0.052467804,0.052467804,0.377743335
0.041959485,0.11006906,0.11006906,0.024926819,0.035384958,0.021847633,0.393952781,0.11006906,0.11006906,0.041652085
0.095923557,0.108169302,0.108169302,0.039080343,0.123868281,0.08010947,0.094720737,0.108169302,0.108169302,0.133620402
0.072466099,0.081393233,0.081393233,0.029167629,0.297439085,0.067895558,0.05107628,0.081393233,0.081393233,0.156382418
0.067687744,0.132486635,0.132486635,0.035392239,0.045679557,0.03176682,0.239507578,0.132486635,0.132486635,0.050019523
0.047659989,0.043627418,0.043627418,0.630215003,0.024093467,0.061866705,0.030489026,0.043627418,0.043627418,0.031166138
0.095769858,0.102145437,0.102145437,0.056278299,0.110362816,0.117226801,0.068984315,0.102145437,0.102145437,0.142796162
0.110735143,0.121976811,0.121976811,0.042663142,0.123389648,0.073447254,0.06197365,0.121976811,0.121976811,0.099883921
0.107126501,0.121164948,0.121164948,0.053659693,0.072775077,0.067044908,0.124740849,0.121164948,0.121164948,0.089993182
0.688449538,0.045559753,0.045559753,0.0230308,0.022259929,0.027728532,0.032220233,0.045559753,0.045559753,0.024071955
0.03996034,0.057670807,0.057670807,0.025406126,0.164532096,0.101219655,0.039879107,0.057670807,0.057670807,0.398319446
0.061619909,0.14534962,0.14534962,0.070005474,0.067018555,0.063876312,0.080748214,0.14534962,0.14534962,0.075333057
0.043151671,0.089818502,0.089818502,0.024951903,0.242799658,0.044863973,0.075686388,0.089818502,0.089818502,0.209272401
0.031289115,0.053183853,0.053183853,0.021357227,0.148707315,0.079879949,0.032030338,0.053183853,0.053183853,0.474000644
0.06635991,0.149088495,0.149088495,0.036708491,0.038391238,0.028609071,0.191988628,0.149088495,0.149088495,0.041588683
0.060052658,0.119055431,0.119055431,0.023959591,0.043858,0.026506915,0.323321282,0.119055431,0.119055431,0.046079831
0.042990572,0.071923832,0.071923832,0.018274438,0.348389687,0.041245831,0.055968758,0.071923832,0.071923832,0.205435386
0.057660456,0.129389739,0.129389739,0.030049545,0.060659631,0.03368826,0.23654209,0.129389739,0.129389739,0.063841064
0.108736843,0.124478659,0.124478659,0.03713135,0.093929016,0.059491581,0.113214217,0.124478659,0.124478659,0.089582356
0.101408335,0.124713974,0.124713974,0.037363823,0.086639745,0.055206366,0.134466954,0.124713974,0.124713974,0.08605888
0.039106593,0.099852229,0.099852229,0.022994551,0.035164509,0.021281343,0.440533155,0.099852229,0.099852229,0.041510933
0.045243636,0.088872885,0.088872885,0.036619846,0.115286951,0.088331846,0.057233203,0.088872885,0.088872885,0.301792979
0.032470236,0.05704677,0.05704677,0.022720897,0.162882349,0.063125651,0.039705449,0.05704677,0.05704677,0.45090834
0.041511053,0.056987045,0.056987045,0.025767291,0.177723604,0.121785557,0.036418562,0.056987045,0.056987045,0.368845752
0.026298698,0.041532143,0.041532143,0.01385416,0.223970439,0.046483055,0.028156929,0.041532143,0.041532143,0.495108146
0.050119044,0.050566853,0.050566853,0.053397186,0.062278878,0.508520243,0.034363824,0.050566853,0.050566853,0.089053412
0.052680176,0.124952229,0.124952229,0.024271864,0.034450006,0.021183641,0.33002359,0.124952229,0.124952229,0.037581807
0.100973953,0.086308838,0.086308838,0.051166184,0.105276779,0.207477824,0.054788375,0.086308838,0.086308838,0.135081535
0.042151669,0.062471278,0.062471278,0.020280956,0.435802263,0.044131526,0.042459314,0.062471278,0.062471278,0.165289162
0.172008562,0.113462761,0.113462761,0.034413435,0.0965383,0.061700628,0.096362081,0.113462761,0.113462761,0.085125951
0.447125218,0.081651547,0.081651547,0.03341939,0.047549043,0.042825464,0.057231221,0.081651547,0.081651547,0.045243476
0.160709817,0.137526612,0.137526612,0.032921414,0.058822726,0.041946393,0.101289457,0.137526612,0.137526612,0.054203744
0.062802795,0.114940178,0.114940178,0.028176884,0.04383015,0.027935165,0.324596704,0.114940178,0.114940178,0.052897588
0.152048441,0.095802615,0.095802615,0.129815261,0.062828896,0.136961767,0.058508443,0.095802615,0.095802615,0.076626734
0.032289679,0.057803884,0.057803884,0.017219961,0.369671424,0.041249577,0.046885629,0.057803884,0.057803884,0.261468196
0.056961203,0.058221192,0.058221192,0.078146407,0.070690625,0.4338787,0.038897853,0.058221192,0.058221192,0.088540444
0.070565965,0.141210357,0.141210357,0.103374664,0.054760178,0.062790865,0.079819316,0.141210357,0.141210357,0.063847583
0.025187542,0.025621189,0.025621189,0.78850601,0.01397439,0.033609291,0.01833344,0.025621189,0.025621189,0.017904569
0.029209005,0.044613165,0.044613165,0.015619741,0.362785483,0.045122861,0.031313216,0.044613165,0.044613165,0.337497034
0.24409354,0.12705385,0.12705385,0.042504373,0.042721469,0.039234487,0.080672816,0.12705385,0.12705385,0.042557914
0.048082554,0.1059942,0.1059942,0.023048163,0.037994723,0.022502754,0.399921024,0.1059942,0.1059942,0.044473982
0.123316051,0.094586901,0.094586901,0.077012549,0.080224026,0.18503461,0.057562065,0.094586901,0.094586901,0.098503096
0.040275448,0.074795958,0.074795958,0.021360025,0.304763054,0.044175276,0.058469288,0.074795958,0.074795958,0.231773079
0.059172879,0.161022863,0.161022863,0.062769242,0.047410526,0.039433747,0.093920707,0.161022863,0.161022863,0.053201447
0.049370673,0.147148961,0.147148961,0.048878629,0.072658496,0.045266869,0.116640256,0.147148961,0.147148961,0.078589235
0.068848819,0.159364553,0.159364553,0.064760032,0.050025192,0.044977155,0.07716903,0.159364553,0.159364553,0.05676156
0.057591357,0.077240476,0.077240476,0.395012853,0.042272719,0.081015033,0.062226292,0.077240476,0.077240476,0.052919841
0.08109819,0.130037533,0.130037533,0.035828816,0.06295234,0.041495655,0.19430522,0.130037533,0.130037533,0.064169648
0.040098878,0.12518984,0.12518984,0.026237693,0.155886908,0.042404408,0.085820872,0.12518984,0.12518984,0.148791879
0.072892251,0.063237204,0.063237204,0.450075292,0.036582525,0.097409232,0.042719632,0.063237204,0.063237204,0.047372251
0.045154152,0.16332564,0.16332564,0.029099825,0.053943111,0.029035867,0.129229541,0.16332564,0.16332564,0.060234945
0.041387758,0.069981472,0.069981472,0.020470902,0.331617858,0.049335134,0.057388635,0.069981472,0.069981472,0.219873824
0.200297212,0.097559167,0.097559167,0.064772262,0.074273351,0.123616328,0.062021808,0.097559167,0.097559167,0.084782372
0.091808942,0.106207928,0.106207928,0.082349522,0.086158477,0.118818976,0.081128245,0.106207928,0.106207928,0.114904128
0.03690722,0.049830651,0.049830651,0.017690966,0.502518025,0.045400572,0.034824037,0.049830651,0.049830651,0.163336576
0.042046798,0.135169635,0.135169635,0.029169646,0.123502398,0.041216415,0.098434661,0.135169635,0.135169635,0.12495154
0.050469058,0.133513585,0.133513585,0.046177956,0.068799041,0.044373361,0.180802895,0.133513585,0.133513585,0.075323348
0.067927539,0.142883187,0.142883187,0.080461334,0.065546725,0.059609895,0.080588574,0.142883187,0.142883187,0.074333183
0.060808984,0.165070829,0.165070829,0.05324095,0.044867505,0.035609668,0.095692093,0.165070829,0.165070829,0.049497483
0.059734179,0.083096359,0.083096359,0.365098661,0.044105075,0.078852747,0.065723302,0.083096359,0.083096359,0.054100598
0.048154148,0.116352702,0.116352702,0.036222275,0.122463895,0.051924944,0.129711708,0.116352702,0.116352702,0.146112222
0.042684443,0.086131736,0.086131736,0.024424831,0.293936366,0.045816947,0.065357274,0.086131736,0.086131736,0.183253195
0.158671596,0.124775249,0.124775249,0.035106535,0.062319927,0.041233191,0.139369674,0.124775249,0.124775249,0.064198079
0.044630933,0.060882095,0.060882095,0.017578913,0.437218409,0.048890603,0.039010038,0.060882095,0.060882095,0.169142724
0.08292402,0.09151275,0.09151275,0.034922407,0.154393404,0.105598974,0.060357621,0.09151275,0.09151275,0.195752574
0.040570111,0.050978245,0.050978245,0.016629149,0.491783875,0.046537089,0.033985325,0.050978245,0.050978245,0.166581471
0.056274334,0.149445803,0.149445803,0.071662963,0.06175482,0.053717774,0.083894856,0.149445803,0.149445803,0.074912043
0.05500334,0.060835387,0.060835387,0.072642335,0.069568954,0.424150888,0.04145419,0.060835387,0.060835387,0.093838747
0.042195931,0.136065965,0.136065965,0.035827284,0.077479384,0.040587178,0.168694042,0.136065965,0.136065965,0.090952318
0.096696692,0.140482179,0.140482179,0.032816412,0.053472349,0.033983289,0.16818614,0.140482179,0.140482179,0.052916402
0.081829557,0.137124017,0.137124017,0.027040243,0.042060846,0.027184106,0.229772263,0.137124017,0.137124017,0.043616916
0.061614551,0.135039009,0.135039009,0.031621568,0.040884131,0.027108702,0.254587934,0.135039009,0.135039009,0.04402708
0.19564403,0.091484204,0.091484204,0.095811078,0.063611666,0.14617182,0.057238137,0.091484204,0.091484204,0.075586454
0.03334031,0.073207738,0.073207738,0.020092223,0.334334558,0.041609495,0.058369477,0.073207738,0.073207738,0.219422987
0.056101916,0.162340789,0.162340789,0.056827511,0.047601879,0.037487653,0.098980141,0.162340789,0.162340789,0.053637746
0.047507996,0.140632678,0.140632678,0.042273461,0.083310024,0.046637012,0.124710359,0.140632678,0.140632678,0.093030436
0.049755886,0.154214237,0.154214237,0.035122517,0.069637353,0.037133183,0.115177474,0.154214237,0.154214237,0.076316639
0.191248203,0.095221163,0.095221163,0.097590582,0.062632402,0.133831957,0.058869926,0.095221163,0.095221163,0.074942277
0.059925646,0.128979355,0.128979355,0.029651498,0.038360709,0.026449789,0.287096227,0.128979355,0.128979355,0.042598712
0.046527121,0.115119564,0.115119564,0.025921399,0.037073253,0.024045916,0.364248275,0.115119564,0.115119564,0.041705779
0.031434549,0.049368948,0.049368948,0.015780642,0.49517752,0.045220568,0.033969128,0.049368948,0.049368948,0.180941802
0.152179392,0.129624058,0.129624058,0.058548451,0.043047412,0.043213634,0.131429675,0.129624058,0.129624058,0.053085204
0.295410833,0.111436461,0.111436461,0.049302267,0.037189201,0.038871938,0.090230782,0.111436461,0.111436461,0.043249135
0.074937616,0.071645202,0.071645202,0.067993658,0.077118628,0.340344005,0.048824628,0.071645202,0.071645202,0.104200658
0.049907213,0.054236711,0.054236711,0.077984128,0.063493032,0.46984214,0.035846137,0.054236711,0.054236711,0.085980506
0.03423736,0.092240525,0.092240525,0.018568971,0.028163857,0.016852858,0.501242011,0.092240525,0.092240525,0.031972842
0.043943533,0.139700117,0.139700117,0.038042908,0.077312711,0.042203248,0.149523954,0.139700117,0.139700117,0.09017318
0.040883233,0.041057761,0.041057761,0.046073012,0.052756699,0.599513248,0.02654334,0.041057761,0.041057761,0.069999423
0.05339272,0.051002057,0.051002057,0.603297868,0.023349632,0.051779886,0.034640139,0.051002057,0.051002057,0.029531529
0.07909319,0.162894319,0.162894319,0.041296196,0.042454017,0.032138829,0.110472826,0.162894319,0.162894319,0.042967667
0.095974922,0.12751428,0.12751428,0.036292829,0.076203646,0.05073149,0.151025994,0.12751428,0.12751428,0.079713998
0.425997613,0.08379121,0.08379121,0.03551973,0.046158762,0.047424115,0.061808077,0.08379121,0.08379121,0.047926864
0.048134334,0.049601237,0.049601237,0.618265163,0.021925217,0.047282653,0.03710846,0.049601237,0.049601237,0.028879223
0.039479431,0.124343304,0.124343304,0.027190711,0.152167697,0.042990682,0.086496319,0.124343304,0.124343304,0.154301943
0.088230884,0.097879407,0.097879407,0.061679636,0.104656636,0.149616697,0.0578467,0.097879407,0.097879407,0.146451818
0.18813141,0.108112935,0.108112935,0.031400617,0.11160777,0.066837902,0.076197505,0.108112935,0.108112935,0.093373056
0.195030854,0.09109091,0.09109091,0.097519098,0.062530474,0.148986181,0.056561054,0.09109091,0.09109091,0.075008701
0.459506974,0.077912621,0.077912621,0.032888035,0.049092688,0.049291146,0.049168436,0.077912621,0.077912621,0.048402237
0.066904376,0.152424369,0.152424369,0.076326597,0.054073675,0.052948645,0.076423246,0.152424369,0.152424369,0.063625985
0.036768503,0.05409944,0.05409944,0.015535596,0.511885512,0.039090828,0.035046525,0.05409944,0.05409944,0.145275273
0.087370087,0.142267075,0.142267075,0.02737331,0.047894203,0.030996173,0.187522074,0.142267075,0.142267075,0.049775853
0.033952365,0.080391474,0.080391474,0.018713524,0.318925708,0.035132402,0.059946769,0.080391474,0.080391474,0.211763338
0.067627681,0.12727176,0.12727176,0.047950669,0.094926358,0.069404725,0.110299888,0.12727176,0.12727176,0.100703638
0.026631119,0.041574432,0.041574432,0.012363708,0.579048456,0.033614583,0.028523728,0.041574432,0.041574432,0.153520679
0.051414099,0.053350252,0.053350252,0.065050875,0.069670893,0.474896029,0.035756392,0.053350252,0.053350252,0.089810703
0.049994076,0.055831916,0.055831916,0.569436826,0.027775497,0.053857252,0.041083197,0.055831916,0.055831916,0.03452549
0.051776111,0.112233111,0.112233111,0.022341605,0.049360817,0.026838027,0.34634626,0.112233111,0.112233111,0.054404733
0.056223537,0.072300784,0.072300784,0.431978614,0.038621971,0.077042834,0.058535361,0.072300784,0.072300784,0.048394546
0.268300143,0.11167533,0.11167533,0.069339875,0.044429559,0.050225527,0.071304085,0.11167533,0.11167533,0.049699492
0.099381805,0.14672875,0.14672875,0.029516263,0.047373524,0.032704366,0.155867073,0.14672875,0.14672875,0.04824197
0.031038853,0.051838079,0.051838079,0.020688884,0.167230733,0.064897704,0.037272497,0.051838079,0.051838079,0.471519013
0.054506541,0.066961421,0.066961421,0.023959065,0.388215639,0.057641981,0.043005852,0.066961421,0.066961421,0.164825238
0.291466934,0.098202541,0.098202541,0.032642946,0.079795239,0.06171631,0.06900198,0.098202541,0.098202541,0.072566429
0.05189935,0.066991442,0.066991442,0.019152185,0.401676461,0.054936218,0.039992899,0.066991442,0.066991442,0.164377121
0.067686532,0.137206911,0.137206911,0.038449769,0.049376826,0.034598757,0.208708944,0.137206911,0.137206911,0.052351526
0.110005283,0.119723995,0.119723995,0.054721068,0.085964293,0.080791332,0.081679267,0.119723995,0.119723995,0.107942779
0.049219746,0.137937142,0.137937142,0.048792996,0.071889512,0.045929689,0.153873395,0.137937142,0.137937142,0.078546096
0.03109217,0.033086982,0.033086982,0.734635946,0.01694933,0.037897758,0.025061866,0.033086982,0.033086982,0.022015003
0.045475329,0.094797025,0.094797025,0.032203119,0.145290186,0.057069124,0.087832329,0.094797025,0.094797025,0.252941814
0.104568316,0.130253441,0.130253441,0.035535585,0.07833161,0.050942872,0.131713547,0.130253441,0.130253441,0.077894305
0.088407851,0.106335525,0.106335525,0.062717779,0.103963518,0.11097081,0.072376535,0.106335525,0.106335525,0.136221407
0.699300106,0.04395184,0.04395184,0.01876901,0.024261652,0.02716143,0.029523881,0.04395184,0.04395184,0.025176562
0.042755735,0.125340402,0.125340402,0.028072355,0.042584011,0.024161691,0.312815965,0.125340402,0.125340402,0.048248636
0.066073659,0.097636459,0.097636459,0.024238079,0.254131951,0.058703156,0.058384167,0.097636459,0.097636459,0.147923153
0.035177196,0.050879765,0.050879765,0.013950353,0.532789543,0.03784351,0.032173436,0.050879765,0.050879765,0.144546901
0.051077025,0.146972451,0.146972451,0.047258768,0.073372631,0.044709708,0.117351425,0.146972451,0.146972451,0.07834064
0.080615962,0.080934674,0.080934674,0.041859236,0.12913202,0.201882246,0.049659307,0.080934674,0.080934674,0.173112532
0.052615022,0.057077898,0.057077898,0.070390548,0.07064702,0.446090572,0.038873758,0.057077898,0.057077898,0.093071488
0.065652629,0.157848967,0.157848967,0.076521855,0.047065474,0.043707724,0.081149061,0.157848967,0.157848967,0.054507388
0.056284968,0.147925273,0.147925273,0.077893223,0.058795393,0.053924535,0.092552366,0.147925273,0.147925273,0.068848424
0.058175406,0.138978025,0.138978025,0.032676228,0.040466335,0.027943408,0.241219424,0.138978025,0.138978025,0.043607099
0.105699634,0.102979618,0.102979618,0.061743146,0.095975876,0.135302324,0.061208746,0.102979618,0.102979618,0.128151801
0.079656759,0.099372379,0.099372379,0.045666833,0.119964067,0.106707218,0.076176899,0.099372379,0.099372379,0.174338709
0.037103351,0.07325301,0.07325301,0.021585865,0.350269476,0.045462751,0.058068791,0.07325301,0.07325301,0.194497724
0.045142245,0.041428738,0.041428738,0.050199806,0.050957806,0.593325563,0.026926508,0.041428738,0.041428738,0.067733119
0.15946203,0.092602474,0.092602474,0.120537089,0.064362912,0.149742632,0.057870327,0.092602474,0.092602474,0.077615113
0.034933557,0.06671163,0.06671163,0.018364451,0.418317622,0.040705635,0.046779541,0.06671163,0.06671163,0.174052676
0.055008888,0.085808776,0.085808776,0.024144626,0.260653128,0.061452577,0.066273326,0.085808776,0.085808776,0.189232351
0.035731997,0.058407006,0.058407006,0.023388124,0.159623289,0.084551595,0.037425411,0.058407006,0.058407006,0.42565156
0.128835405,0.117315663,0.117315663,0.059979859,0.071599911,0.076899957,0.105345653,0.117315663,0.117315663,0.088076563
0.068752466,0.131200442,0.131200442,0.048172338,0.096139631,0.065144912,0.100423339,0.131200442,0.131200442,0.096565546
0.193640137,0.099098698,0.099098698,0.069691699,0.074711624,0.120551836,0.060266813,0.099098698,0.099098698,0.084743098
0.187162457,0.111620438,0.111620438,0.035628712,0.096894547,0.061345577,0.08965924,0.111620438,0.111620438,0.082827713
0.025890828,0.044300059,0.044300059,0.012343693,0.533120342,0.030300874,0.033157619,0.044300059,0.044300059,0.187986408
0.041739932,0.133923149,0.133923149,0.028719946,0.068599905,0.033706538,0.213040998,0.133923149,0.133923149,0.078500087
0.477966206,0.073934369,0.073934369,0.055425427,0.033672545,0.048696324,0.050805539,0.073934369,0.073934369,0.037696483
0.372252765,0.088073435,0.088073435,0.035034582,0.058540789,0.055141227,0.069336576,0.088073435,0.088073435,0.05740032
0.159360955,0.137824697,0.137824697,0.039586309,0.045735148,0.038536193,0.117323839,0.137824697,0.137824697,0.048158766
0.590805663,0.060417025,0.060417025,0.033660731,0.027380392,0.03293434,0.044239882,0.060417025,0.060417025,0.029310891
0.044381078,0.08265934,0.08265934,0.034267382,0.144370056,0.073763396,0.072436922,0.08265934,0.08265934,0.300143805
0.146081683,0.087997566,0.087997566,0.2424019,0.04289077,0.10709918,0.055936675,0.087997566,0.087997566,0.053599526
0.07443144,0.131752244,0.131752244,0.046477944,0.091811808,0.063083586,0.103872541,0.131752244,0.131752244,0.093313705
0.048827746,0.148844906,0.148844906,0.0460837,0.055361421,0.036787415,0.156618326,0.148844906,0.148844906,0.060941769
0.040419915,0.107910616,0.107910616,0.02416088,0.035570848,0.021212765,0.406794606,0.107910616,0.107910616,0.04019852
0.309315483,0.098905791,0.098905791,0.035334023,0.065607085,0.052374134,0.080638777,0.098905791,0.098905791,0.061107335
0.232171037,0.104144103,0.104144103,0.036949226,0.100508688,0.070725626,0.060264987,0.104144103,0.104144103,0.082804021
0.094444559,0.098014641,0.098014641,0.060913798,0.098589344,0.155097072,0.064486425,0.098014641,0.098014641,0.13441024
0.078277976,0.142723336,0.142723336,0.034699526,0.048096132,0.031617198,0.186081222,0.142723336,0.142723336,0.050334601
0.075218897,0.079786954,0.079786954,0.027307881,0.302833371,0.065824939,0.051263661,0.079786954,0.079786954,0.158403434
0.095344693,0.129009569,0.129009569,0.03531813,0.077865794,0.050119496,0.145831772,0.129009569,0.129009569,0.079481839
0.042898541,0.148961465,0.148961465,0.029092782,0.04721473,0.026345216,0.20550131,0.148961465,0.148961465,0.053101563
0.081518034,0.096702268,0.096702268,0.070607303,0.098161137,0.161863696,0.064421075,0.096702268,0.096702268,0.136619683
0.0356219,0.049369973,0.049369973,0.016346966,0.515886678,0.043097747,0.033425576,0.049369973,0.049369973,0.158141242
0.063088798,0.061525127,0.061525127,0.076293816,0.068705438,0.421429949,0.039642043,0.061525127,0.061525127,0.084739448
0.024107304,0.02778769,0.02778769,0.77543849,0.015077377,0.034012643,0.020810032,0.02778769,0.02778769,0.019403393
0.070789262,0.079656716,0.079656716,0.021570451,0.303391395,0.062558089,0.050820315,0.079656716,0.079656716,0.172243624
0.489965005,0.076594109,0.076594109,0.039809812,0.033078296,0.0361813,0.05922469,0.076594109,0.076594109,0.03536446
0.132111069,0.13955055,0.13955055,0.033697216,0.072088749,0.049781625,0.082688014,0.13955055,0.13955055,0.071431129
0.041529725,0.086076247,0.086076247,0.029892322,0.158113287,0.057644168,0.079675365,0.086076247,0.086076247,0.288840145
0.070235283,0.165104423,0.165104423,0.061693543,0.039506657,0.037304295,0.085973195,0.165104423,0.165104423,0.044869334
0.089049694,0.100331177,0.100331177,0.05869205,0.106243796,0.137639281,0.065087979,0.100331177,0.100331177,0.141962493
0.068823326,0.149600238,0.149600238,0.096606692,0.045125951,0.045865792,0.093311122,0.149600238,0.149600238,0.051866166
0.343547743,0.094641226,0.094641226,0.032920333,0.065818723,0.050221224,0.070724557,0.094641226,0.094641226,0.058202515
0.063572922,0.135274191,0.135274191,0.048180925,0.084420525,0.060232893,0.113487527,0.135274191,0.135274191,0.089008443
0.144939929,0.08954503,0.08954503,0.16236547,0.057241656,0.150644074,0.055813074,0.08954503,0.08954503,0.070815679
0.061267538,0.135732452,0.135732452,0.030977628,0.03971916,0.026800158,0.255391674,0.135732452,0.135732452,0.042914034
0.123658376,0.104379002,0.104379002,0.039884068,0.135666881,0.090714431,0.076191925,0.104379002,0.104379002,0.11636831
0.072080265,0.082305946,0.082305946,0.030366527,0.274715173,0.0710852,0.051122467,0.082305946,0.082305946,0.171406585
0.080714834,0.069490833,0.069490833,0.388530615,0.041454392,0.112718947,0.045787842,0.069490833,0.069490833,0.052830038
0.098967524,0.089077374,0.089077374,0.039389508,0.137848709,0.146038455,0.057323964,0.089077374,0.089077374,0.164122344
0.048421958,0.159906943,0.159906943,0.057705151,0.054353855,0.042568453,0.093309301,0.159906943,0.159906943,0.06401351
0.039712438,0.099561275,0.099561275,0.022820164,0.230546626,0.038802571,0.082612979,0.099561275,0.099561275,0.187260124
0.298328194,0.096936611,0.096936611,0.037031915,0.071527633,0.063415013,0.074026408,0.096936611,0.096936611,0.067924396
0.03374105,0.055801555,0.055801555,0.022215057,0.175287165,0.07110055,0.040635106,0.055801555,0.055801555,0.433814853
0.080916229,0.125881615,0.125881615,0.034463771,0.083882918,0.049677421,0.160730629,0.125881615,0.125881615,0.086802574
0.104802701,0.088901264,0.088901264,0.22013228,0.055076731,0.132121667,0.065988928,0.088901264,0.088901264,0.066272638
0.043252172,0.095389309,0.095389309,0.023610636,0.271051421,0.042260446,0.067094511,0.095389309,0.095389309,0.17117358
0.033037961,0.047179838,0.047179838,0.01569435,0.544235478,0.03989185,0.032586935,0.047179838,0.047179838,0.145834072
0.064817216,0.130538923,0.130538923,0.035174332,0.04814847,0.032139689,0.245302494,0.130538923,0.130538923,0.052262105
0.040223444,0.096503508,0.096503508,0.025061146,0.248136683,0.043125782,0.073486001,0.096503508,0.096503508,0.183952911
0.022567322,0.043096802,0.043096802,0.012726711,0.188268405,0.032982805,0.029495697,0.043096802,0.043096802,0.541571851
0.041862177,0.088733719,0.088733719,0.021975215,0.319724001,0.043041619,0.057580584,0.088733719,0.088733719,0.160881525
0.020564168,0.035105061,0.035105061,0.010404217,0.642872991,0.026385578,0.024213282,0.035105061,0.035105061,0.135139519
0.143622212,0.086355202,0.086355202,0.221157548,0.048218838,0.12460364,0.056422121,0.086355202,0.086355202,0.060554834
0.046157926,0.05721248,0.05721248,0.549302609,0.030688514,0.062204001,0.044369801,0.05721248,0.05721248,0.038427231
0.030844863,0.051422924,0.051422924,0.017578581,0.209114712,0.050507563,0.039583455,0.051422924,0.051422924,0.446679129
0.0772645,0.074137919,0.074137919,0.283941882,0.050275171,0.178771886,0.049287659,0.074137919,0.074137919,0.063907226
0.044203658,0.107080462,0.107080462,0.025973101,0.036085985,0.023470077,0.398638426,0.107080462,0.107080462,0.043306905
0.044161444,0.058981403,0.058981403,0.021199232,0.446511889,0.053106623,0.039291822,0.058981403,0.058981403,0.159803381
0.043729096,0.107350222,0.107350222,0.027976388,0.040577524,0.025283446,0.384968592,0.107350222,0.107350222,0.048064068
0.041332671,0.089929837,0.089929837,0.025085106,0.168864534,0.046200613,0.072002778,0.089929837,0.089929837,0.286794952
0.057360771,0.050197377,0.050197377,0.579956694,0.026890738,0.066372834,0.034135019,0.050197377,0.050197377,0.034494437
0.02471164,0.046536574,0.046536574,0.013717724,0.512935102,0.033960055,0.033500436,0.046536574,0.046536574,0.195028748
0.057141989,0.108017774,0.108017774,0.02857321,0.041906858,0.027050999,0.364310096,0.108017774,0.108017774,0.048945752
0.08415019,0.074913054,0.074913054,0.078078301,0.069783138,0.325152271,0.051871612,0.074913054,0.074913054,0.091312272
0.11077707,0.093827684,0.093827684,0.186311319,0.056348912,0.129983013,0.07124317,0.093827684,0.093827684,0.070025783
0.078057766,0.128325077,0.128325077,0.037389337,0.066407344,0.043803908,0.193256048,0.128325077,0.128325077,0.067785289
0.108576065,0.126090135,0.126090135,0.037831825,0.084251849,0.055892996,0.12631481,0.126090135,0.126090135,0.082771917
0.051020116,0.117309052,0.117309052,0.028530424,0.041577877,0.026079426,0.333070788,0.117309052,0.117309052,0.05048516
0.057118069,0.12800721,0.12800721,0.02502707,0.038358353,0.024279558,0.301994885,0.12800721,0.12800721,0.041193224
0.056363305,0.058550455,0.058550455,0.062380279,0.077553041,0.419207324,0.042077817,0.058550455,0.058550455,0.108216413
0.260712026,0.102087125,0.102087125,0.036479495,0.078169591,0.063921622,0.079505113,0.102087125,0.102087125,0.072863655
0.126673617,0.082031107,0.082031107,0.279641389,0.043722178,0.113280329,0.053625513,0.082031107,0.082031107,0.054932545
0.061231081,0.146842465,0.146842465,0.081268075,0.060259487,0.05836455,0.079348168,0.146842465,0.146842465,0.072158779
0.093358305,0.157477934,0.157477934,0.05031019,0.052650545,0.042522554,0.076316146,0.157477934,0.157477934,0.054930523
0.025429089,0.044741794,0.044741794,0.014158247,0.209321693,0.041854288,0.03049386,0.044741794,0.044741794,0.499775649
0.669708644,0.04895869,0.04895869,0.022238116,0.025340442,0.027999918,0.032866573,0.04895869,0.04895869,0.026011547
0.055478531,0.127630461,0.127630461,0.030188032,0.044771559,0.028469213,0.283359088,0.127630461,0.127630461,0.047211733
0.074983877,0.141796244,0.141796244,0.083861304,0.062387905,0.061287203,0.079434491,0.141796244,0.141796244,0.070860243
0.659530852,0.050152684,0.050152684,0.022688091,0.025917481,0.028507604,0.035955264,0.050152684,0.050152684,0.026789971
0.314553161,0.107860142,0.107860142,0.033076124,0.045298153,0.035382654,0.095439671,0.107860142,0.107860142,0.044809668
0.04300674,0.108167162,0.108167162,0.024912353,0.036029347,0.021910217,0.399117063,0.108167162,0.108167162,0.042355632
0.089792849,0.090508959,0.090508959,0.057557405,0.104804353,0.190964592,0.0575368,0.090508959,0.090508959,0.137308163
0.051150928,0.129225589,0.129225589,0.036044313,0.107757211,0.051759403,0.109548795,0.129225589,0.129225589,0.126836991
0.091840369,0.090409456,0.090409456,0.150858757,0.066754319,0.168422236,0.076199018,0.090409456,0.090409456,0.084287478
0.071925511,0.139086641,0.139086641,0.096835665,0.058836417,0.065654528,0.081903834,0.139086641,0.139086641,0.068497479
0.086965347,0.142628358,0.142628358,0.041735735,0.058624872,0.042758923,0.138536716,0.142628358,0.142628358,0.060864973
0.106186631,0.081054607,0.081054607,0.114530304,0.061537794,0.260168066,0.057099493,0.081054607,0.081054607,0.076259284
0.05102019,0.064967106,0.064967106,0.03198037,0.22208265,0.129574293,0.039467244,0.064967106,0.064967106,0.266006829
0.04637032,0.127962687,0.127962687,0.030325413,0.04996054,0.029189967,0.277788655,0.127962687,0.127962687,0.054514359
0.153584711,0.095676358,0.095676358,0.109707753,0.066781646,0.147681311,0.058568363,0.095676358,0.095676358,0.080970787
0.053337377,0.079033742,0.079033742,0.033752445,0.155129707,0.097396734,0.064087274,0.079033742,0.079033742,0.280161494
0.062222458,0.117478733,0.117478733,0.025208962,0.052503661,0.029717579,0.305464188,0.117478733,0.117478733,0.054968222
0.048351667,0.04997062,0.04997062,0.056620019,0.068861576,0.504782952,0.032303831,0.04997062,0.04997062,0.089197472
0.026359353,0.047923491,0.047923491,0.018605824,0.17942406,0.055579775,0.031292397,0.047923491,0.047923491,0.497044629
0.026578214,0.045577826,0.045577826,0.015777286,0.182212256,0.049654846,0.030086849,0.045577826,0.045577826,0.513379244
0.054463803,0.058737625,0.058737625,0.060220092,0.075929691,0.426493038,0.039645385,0.058737625,0.058737625,0.108297491
0.125551338,0.101916097,0.101916097,0.061865733,0.08904114,0.141202491,0.062009087,0.101916097,0.101916097,0.112665823
0.571836184,0.06333381,0.06333381,0.027510564,0.033713131,0.035423486,0.043800706,0.06333381,0.06333381,0.03438069
0.042463432,0.108021663,0.108021663,0.025409417,0.046085906,0.025138293,0.377032615,0.108021663,0.108021663,0.051783686
0.07200441,0.143868478,0.143868478,0.067948452,0.070481786,0.059128775,0.077201211,0.143868478,0.143868478,0.077761452
0.036682025,0.055599787,0.055599787,0.025768323,0.14923265,0.113436162,0.033982853,0.055599787,0.055599787,0.41849884
0.017748421,0.028247836,0.028247836,0.008050114,0.696055209,0.021575281,0.01977585,0.028247836,0.028247836,0.12380378
0.12574417,0.087183219,0.087183219,0.113079906,0.06454534,0.20715664,0.063057011,0.087183219,0.087183219,0.077684057
0.308926216,0.100180013,0.100180013,0.076121944,0.043490144,0.052422539,0.070707077,0.100180013,0.100180013,0.04761203
0.07372359,0.123989367,0.123989367,0.022363163,0.046812352,0.026059209,0.286919778,0.123989367,0.123989367,0.048164438
0.058544045,0.137884289,0.137884289,0.031072776,0.039972663,0.026258619,0.249818645,0.137884289,0.137884289,0.042796098
0.042572487,0.088720666,0.088720666,0.033544835,0.128734183,0.068615826,0.067117204,0.088720666,0.088720666,0.3045328
0.042116536,0.095998394,0.095998394,0.027711377,0.151113097,0.049747018,0.076536139,0.095998394,0.095998394,0.268782255
0.069146716,0.081371794,0.081371794,0.071950836,0.094746931,0.234094407,0.06387486,0.081371794,0.081371794,0.140699074
0.085676555,0.14739153,0.14739153,0.063241296,0.063988929,0.056473744,0.071350334,0.14739153,0.14739153,0.069703024
0.035589187,0.038685046,0.038685046,0.699266982,0.018955256,0.038770773,0.028719035,0.038685046,0.038685046,0.023958584
0.111992568,0.074821615,0.074821615,0.102010231,0.063433439,0.300676181,0.047825154,0.074821615,0.074821615,0.074775968
0.047434619,0.062517745,0.062517745,0.022108252,0.430265341,0.053000041,0.042029141,0.062517745,0.062517745,0.155091628
0.067777072,0.133972519,0.133972519,0.046417803,0.087021993,0.060323823,0.111995178,0.133972519,0.133972519,0.090574054
0.045888195,0.098240474,0.098240474,0.034325785,0.135793913,0.059144793,0.086408779,0.098240474,0.098240474,0.245476639
0.072784111,0.149343468,0.149343468,0.066668199,0.060826342,0.054700242,0.079517401,0.149343468,0.149343468,0.068129831
0.041593689,0.110294444,0.110294444,0.02306691,0.041347043,0.023518586,0.383444948,0.110294444,0.110294444,0.045851048
0.068700868,0.076402687,0.076402687,0.089244175,0.079025492,0.291997202,0.054301165,0.076402687,0.076402687,0.111120352
0.073095983,0.160444914,0.160444914,0.072181914,0.039777784,0.038747512,0.089237336,0.160444914,0.160444914,0.045179816
0.033314061,0.062840344,0.062840344,0.017584455,0.391867583,0.040860423,0.05030435,0.062840344,0.062840344,0.214707753
0.066193543,0.129647269,0.129647269,0.032780449,0.082174031,0.044332018,0.178062879,0.129647269,0.129647269,0.077868005
0.11396984,0.135522926,0.135522926,0.027403201,0.043828112,0.028594191,0.199098949,0.135522926,0.135522926,0.045014001
0.027501619,0.037619497,0.037619497,0.012251147,0.572605187,0.035336618,0.026683965,0.037619497,0.037619497,0.175143475
0.058264789,0.068720882,0.068720882,0.070284892,0.096209879,0.312432879,0.049797602,0.068720882,0.068720882,0.138126432
0.120959869,0.161897648,0.161897648,0.037958968,0.035666726,0.029648081,0.090071466,0.161897648,0.161897648,0.038104296
0.041328445,0.139120706,0.139120706,0.036033863,0.072439688,0.039018965,0.169317653,0.139120706,0.139120706,0.085378562
0.086871093,0.145794631,0.145794631,0.051988816,0.045956976,0.038723095,0.14521365,0.145794631,0.145794631,0.048067848
0.090019405,0.109235722,0.109235722,0.057209165,0.103298354,0.099054542,0.074125737,0.109235722,0.109235722,0.139349908
0.055287099,0.111769852,0.111769852,0.02512443,0.03991221,0.024496414,0.361441551,0.111769852,0.111769852,0.046658889
0.036779018,0.073892033,0.073892033,0.019793738,0.393712442,0.04149681,0.047981693,0.073892033,0.073892033,0.164668168
0.08125726,0.086556841,0.086556841,0.036729961,0.254637285,0.077989159,0.056893045,0.086556841,0.086556841,0.146265925
0.035529421,0.06261948,0.06261948,0.017140822,0.448111237,0.036537567,0.042884916,0.06261948,0.06261948,0.169318117
0.092624222,0.152541049,0.152541049,0.033651676,0.037778916,0.026580877,0.161096565,0.152541049,0.152541049,0.038103549
0.039792555,0.103917578,0.103917578,0.027977199,0.151349444,0.048726278,0.079886271,0.103917578,0.103917578,0.236597939
0.048372789,0.060588535,0.060588535,0.026247816,0.216427484,0.120359165,0.038357516,0.060588535,0.060588535,0.307881091
0.034008653,0.053732664,0.053732664,0.022288314,0.17289044,0.088166185,0.03117122,0.053732664,0.053732664,0.436544531
0.388759591,0.087288967,0.087288967,0.030660081,0.061673172,0.053177928,0.059766535,0.087288967,0.087288967,0.056806826
0.064786658,0.055423897,0.055423897,0.515542685,0.031600526,0.088868298,0.0371573,0.055423897,0.055423897,0.040348946
0.066647017,0.162104279,0.162104279,0.055638501,0.052261934,0.043280155,0.075676863,0.162104279,0.162104279,0.058078415
0.047407829,0.05905199,0.05905199,0.538816039,0.030804591,0.06198594,0.0459764,0.05905199,0.05905199,0.038801242
0.046584418,0.139697424,0.139697424,0.042668396,0.08333843,0.047078517,0.1292579,0.139697424,0.139697424,0.092282644
0.092111308,0.126853025,0.126853025,0.050625349,0.06295481,0.056313903,0.148657616,0.126853025,0.126853025,0.081924913
0.049095538,0.088242544,0.088242544,0.023691533,0.301041112,0.052527609,0.058547234,0.088242544,0.088242544,0.162126799
0.083276454,0.090010122,0.090010122,0.057912761,0.105487115,0.182014687,0.059383364,0.090010122,0.090010122,0.151885129
0.064981673,0.147037547,0.147037547,0.072107453,0.061639715,0.061499279,0.081840135,0.147037547,0.147037547,0.069781557
0.087337083,0.08893719,0.08893719,0.219739407,0.058615406,0.141610011,0.064441076,0.08893719,0.08893719,0.072508256
0.107865868,0.091268699,0.091268699,0.16320374,0.060296613,0.157495711,0.071396671,0.091268699,0.091268699,0.074666599
0.070978381,0.15149377,0.15149377,0.041137921,0.039420964,0.030324155,0.170285324,0.15149377,0.15149377,0.041878174
0.041132655,0.060005372,0.060005372,0.030057354,0.169304388,0.134401677,0.037360394,0.060005372,0.060005372,0.347722046
0.045032125,0.143737167,0.143737167,0.044140626,0.075048055,0.044509656,0.133654819,0.143737167,0.143737167,0.082666051
0.063807412,0.076507289,0.076507289,0.081237132,0.090476016,0.268489371,0.055990248,0.076507289,0.076507289,0.133970666
0.033290837,0.057536692,0.057536692,0.018813757,0.210404045,0.051451238,0.044673416,0.057536692,0.057536692,0.411219938
0.033361164,0.048883014,0.048883014,0.01608056,0.518571845,0.039336154,0.03462754,0.048883014,0.048883014,0.162490684
0.388578124,0.091101776,0.091101776,0.056607837,0.034451291,0.045594595,0.069592942,0.091101776,0.091101776,0.040768108
0.263070676,0.099374289,0.099374289,0.037829868,0.079203851,0.066212285,0.080079125,0.099374289,0.099374289,0.076107037
0.029742785,0.032162948,0.032162948,0.742633008,0.016945418,0.037623934,0.023447573,0.032162948,0.032162948,0.020955491
0.04287635,0.140754905,0.140754905,0.038500129,0.073055656,0.040801356,0.158393012,0.140754905,0.140754905,0.083353875
0.077392685,0.139945903,0.139945903,0.074677533,0.070823909,0.064023507,0.073519086,0.139945903,0.139945903,0.079779666
0.026962925,0.027450894,0.027450894,0.773581036,0.015124404,0.036603019,0.018754212,0.027450894,0.027450894,0.019170828
0.038894535,0.052841703,0.052841703,0.021886885,0.220300489,0.110093347,0.031845466,0.052841703,0.052841703,0.365612464
0.052861021,0.138030448,0.138030448,0.062200974,0.070260906,0.052131992,0.133105979,0.138030448,0.138030448,0.077317335
0.073129437,0.133490721,0.133490721,0.045436319,0.090876049,0.061157421,0.10388358,0.133490721,0.133490721,0.091554308
0.044323437,0.139054825,0.139054825,0.040129822,0.069600692,0.04059504,0.170815478,0.139054825,0.139054825,0.078316232
0.045497694,0.115032827,0.115032827,0.033146616,0.123366209,0.056534208,0.094660462,0.115032827,0.115032827,0.186663505
0.208401072,0.118213587,0.118213587,0.037009266,0.054516192,0.044083314,0.123520006,0.118213587,0.118213587,0.059615801
0.475754002,0.078507167,0.078507167,0.039685543,0.037895249,0.043583924,0.048362884,0.078507167,0.078507167,0.040689729
0.301303453,0.108143851,0.108143851,0.056634457,0.042241626,0.043319912,0.077734492,0.108143851,0.108143851,0.046190657
0.037966612,0.076859473,0.076859473,0.027247811,0.187539923,0.054645925,0.061739,0.076859473,0.076859473,0.323422835
0.250647847,0.104321247,0.104321247,0.032830039,0.086898818,0.062019007,0.074184617,0.104321247,0.104321247,0.076134684
0.190411538,0.097602809,0.097602809,0.071559422,0.0749662,0.127713603,0.059328644,0.097602809,0.097602809,0.085609358
0.04973314,0.139444845,0.139444845,0.051808687,0.085104772,0.051441527,0.111955207,0.139444845,0.139444845,0.092177286
0.057265056,0.109999919,0.109999919,0.021964241,0.037600713,0.022390278,0.380106791,0.109999919,0.109999919,0.040673245
0.223090023,0.132099822,0.132099822,0.034851089,0.043528432,0.036146941,0.090353172,0.132099822,0.132099822,0.043631054
0.04228672,0.103222541,0.103222541,0.020431096,0.047054559,0.023483101,0.402292465,0.103222541,0.103222541,0.051561895
0.074061907,0.127761586,0.127761586,0.051310958,0.097426211,0.071497043,0.098575964,0.127761586,0.127761586,0.096081573
0.047104676,0.097366218,0.097366218,0.028841054,0.155759356,0.058132095,0.096925104,0.097366218,0.097366218,0.223772845
0.046009171,0.10778004,0.10778004,0.035894526,0.136662968,0.054633371,0.097919338,0.10778004,0.10778004,0.197760467
0.056592243,0.130972802,0.130972802,0.028469435,0.043496394,0.025218427,0.276103793,0.130972802,0.130972802,0.046228501
0.042841006,0.092845152,0.092845152,0.027203193,0.211255197,0.049968309,0.092748535,0.092845152,0.092845152,0.204603153
0.062951164,0.112231906,0.112231906,0.024505978,0.042917482,0.025641917,0.346660358,0.112231906,0.112231906,0.048395475
0.027482888,0.04816529,0.04816529,0.012579756,0.538623395,0.02846578,0.032256898,0.04816529,0.04816529,0.167930124
0.046134546,0.095046187,0.095046187,0.03018951,0.142992571,0.063232307,0.090400284,0.095046187,0.095046187,0.246866034
0.066295102,0.12375754,0.12375754,0.023563881,0.040672518,0.024330364,0.307301376,0.12375754,0.12375754,0.042806599
0.074525339,0.14529288,0.14529288,0.051429067,0.045350682,0.037500583,0.16144857,0.14529288,0.14529288,0.048574241
0.022666434,0.022226908,0.022226908,0.819912179,0.011665317,0.026556983,0.015854918,0.022226908,0.022226908,0.014436536
0.058236357,0.064237952,0.064237952,0.020931221,0.380566726,0.06226769,0.04001255,0.064237952,0.064237952,0.181033645
0.074571506,0.155952261,0.155952261,0.075373264,0.047577701,0.045029533,0.078887552,0.155952261,0.155952261,0.054751401
0.055096343,0.124518466,0.124518466,0.033527949,0.047872775,0.030709374,0.283469236,0.124518466,0.124518466,0.051250459
0.079764804,0.124849891,0.124849891,0.052543608,0.071487777,0.066065952,0.12994849,0.124849891,0.124849891,0.100789807
0.080204502,0.144029098,0.144029098,0.075379538,0.062878688,0.057594548,0.078283226,0.144029098,0.144029098,0.069543105
0.097127135,0.089580538,0.089580538,0.095386275,0.076934657,0.207546989,0.066177792,0.089580538,0.089580538,0.098505002
0.041958127,0.110628124,0.110628124,0.026398438,0.043470749,0.025387447,0.370956867,0.110628124,0.110628124,0.049315877
0.084637063,0.091672993,0.091672993,0.057073684,0.116995601,0.161348721,0.055587638,0.091672993,0.091672993,0.157665321
0.084120918,0.159355304,0.159355304,0.036523707,0.045208247,0.031790987,0.120990786,0.159355304,0.159355304,0.043944138
0.059627514,0.076550779,0.076550779,0.392416535,0.042968373,0.08275569,0.062920692,0.076550779,0.076550779,0.053108081
0.256844229,0.104267459,0.104267459,0.099338567,0.042717345,0.057290762,0.07739594,0.104267459,0.104267459,0.049343323
0.090331452,0.140933642,0.140933642,0.025935482,0.042524209,0.027216842,0.205839924,0.140933642,0.140933642,0.044417524
0.122384279,0.083657481,0.083657481,0.30382483,0.039803194,0.08829019,0.060137247,0.083657481,0.083657481,0.050930335
0.134188135,0.103518613,0.103518613,0.040170557,0.129047415,0.09528219,0.069884886,0.103518613,0.103518613,0.117352365
0.104195718,0.137085315,0.137085315,0.036225027,0.060468801,0.039028167,0.152280625,0.137085315,0.137085315,0.059460401
0.046649258,0.107037808,0.107037808,0.033848035,0.132868373,0.052790539,0.104311476,0.107037808,0.107037808,0.201381086
0.0817611,0.160858634,0.160858634,0.045128227,0.045835937,0.035643926,0.101466483,0.160858634,0.160858634,0.046729791
0.098149908,0.073191017,0.073191017,0.120077218,0.057928189,0.312957103,0.046521565,0.073191017,0.073191017,0.071601948
0.066066358,0.130104754,0.130104754,0.032297765,0.076607494,0.04465198,0.184076356,0.130104754,0.130104754,0.075881031
0.04211798,0.061151519,0.061151519,0.017300737,0.446614131,0.047559192,0.037278124,0.061151519,0.061151519,0.164523761
0.082370568,0.072058216,0.072058216,0.054650315,0.094874379,0.317742044,0.044593626,0.072058216,0.072058216,0.117536205
0.07907518,0.073854167,0.073854167,0.043041823,0.12044554,0.262743713,0.045934714,0.073854167,0.073854167,0.153342363
0.054771138,0.056556814,0.056556814,0.571217652,0.02596914,0.051581963,0.037747966,0.056556814,0.056556814,0.032484883
0.1363646,0.130526,0.130526,0.033028944,0.074677961,0.048249579,0.114060825,0.130526,0.130526,0.071514089
0.0650494,0.119120048,0.119120048,0.02618921,0.038743596,0.024044429,0.326541294,0.119120048,0.119120048,0.04295188
0.048067511,0.122228771,0.122228771,0.032976406,0.050375009,0.031095277,0.293148235,0.122228771,0.122228771,0.055422476
0.262559846,0.103521326,0.103521326,0.033339645,0.083831026,0.059720433,0.073774471,0.103521326,0.103521326,0.072689274
0.032844745,0.04352511,0.04352511,0.015218176,0.531083378,0.044238101,0.029880707,0.04352511,0.04352511,0.172634453
0.025840631,0.043844624,0.043844624,0.016093438,0.213371555,0.051209564,0.028928706,0.043844624,0.043844624,0.489177608
0.114508074,0.122445033,0.122445033,0.039836282,0.091411637,0.061206497,0.115987319,0.122445033,0.122445033,0.087270059
0.083587913,0.151082447,0.151082447,0.049380895,0.040765867,0.034789212,0.143537063,0.151082447,0.151082447,0.043609261
0.048318936,0.140941864,0.140941864,0.045269885,0.080406827,0.04662698,0.129221018,0.140941864,0.140941864,0.086388896
0.292740194,0.098131319,0.098131319,0.033520925,0.083369808,0.062387228,0.064074806,0.098131319,0.098131319,0.071381765
0.17262777,0.136282413,0.136282413,0.029907138,0.047070083,0.033089767,0.126402605,0.136282413,0.136282413,0.045772984
0.109163107,0.089284642,0.089284642,0.11169736,0.067048482,0.202690111,0.068305538,0.089284642,0.089284642,0.083956834
0.040403341,0.096498843,0.096498843,0.020926329,0.038835429,0.021522257,0.448177248,0.096498843,0.096498843,0.044140025
0.210943201,0.099569321,0.099569321,0.05194107,0.083578641,0.10414101,0.062538185,0.099569321,0.099569321,0.088580608
0.035414389,0.069400047,0.069400047,0.017416495,0.350275921,0.038519008,0.056146463,0.069400047,0.069400047,0.224627537
0.085225589,0.155726146,0.155726146,0.067960135,0.048228676,0.044792281,0.076298785,0.155726146,0.155726146,0.054589951
0.191210704,0.091948999,0.091948999,0.103090767,0.062119437,0.144502911,0.056603333,0.091948999,0.091948999,0.074676851
0.302168774,0.105037793,0.105037793,0.063578497,0.043494454,0.047573727,0.075478277,0.105037793,0.105037793,0.047555098
0.055818103,0.157940895,0.157940895,0.054135393,0.061416071,0.043814778,0.084698232,0.157940895,0.157940895,0.068353845
0.08675579,0.148563996,0.148563996,0.041251424,0.042469324,0.032278607,0.159192765,0.148563996,0.148563996,0.043796107
0.032659797,0.03315006,0.03315006,0.736130066,0.016332654,0.037484234,0.023349817,0.03315006,0.03315006,0.021443192
0.05550448,0.133667802,0.133667802,0.037308409,0.067873795,0.042303094,0.186403084,0.133667802,0.133667802,0.075935929
0.051675503,0.132924704,0.132924704,0.034975869,0.060180038,0.035610325,0.21544032,0.132924704,0.132924704,0.070419129
0.170683334,0.106861412,0.106861412,0.036369638,0.113500789,0.074184239,0.08076128,0.106861412,0.106861412,0.09705507
0.040070832,0.086925011,0.086925011,0.02695337,0.22211231,0.049844299,0.081800391,0.086925011,0.086925011,0.231518753
0.357327125,0.092898731,0.092898731,0.068070392,0.039190649,0.050174186,0.069604067,0.092898731,0.092898731,0.044038655
0.060051801,0.131018374,0.131018374,0.046264465,0.095848278,0.064848854,0.10625287,0.131018374,0.131018374,0.102660236
0.032570049,0.037822678,0.037822678,0.69594832,0.020467301,0.045117162,0.028746939,0.037822678,0.037822678,0.025859519
0.206198291,0.108798018,0.108798018,0.031725344,0.09429127,0.06294011,0.084317788,0.108798018,0.108798018,0.085335125
0.118446651,0.096976021,0.096976021,0.128741245,0.067154874,0.137213693,0.082289537,0.096976021,0.096976021,0.078249916
0.046235769,0.059293285,0.059293285,0.018996706,0.427266832,0.052103148,0.042175341,0.059293285,0.059293285,0.176049063
0.079970145,0.113864993,0.113864993,0.039982308,0.107894153,0.066631322,0.118713408,0.113864993,0.113864993,0.131348692
0.10349924,0.158505613,0.158505613,0.029430367,0.055834353,0.0364895,0.085285456,0.158505613,0.158505613,0.055438631
0.148278459,0.13950411,0.13950411,0.035138309,0.052378233,0.039112333,0.116866629,0.13950411,0.13950411,0.050209596
0.315134614,0.10213315,0.10213315,0.033088838,0.052987904,0.04234373,0.094006695,0.10213315,0.10213315,0.05390562
0.115127608,0.08858765,0.08858765,0.128725223,0.064033356,0.193091768,0.067450868,0.08858765,0.08858765,0.077220577
0.059152794,0.147319548,0.147319548,0.089228152,0.055484306,0.057285353,0.082140659,0.147319548,0.147319548,0.067430541
0.08201919,0.169646876,0.169646876,0.040859609,0.034593073,0.028576348,0.097154228,0.169646876,0.169646876,0.038210046
0.036219521,0.073231299,0.073231299,0.020960933,0.36624414,0.041617217,0.054189114,0.073231299,0.073231299,0.187843877
0.051618239,0.106473604,0.106473604,0.023408383,0.033090893,0.020662646,0.407691743,0.106473604,0.106473604,0.037633682
0.503941457,0.071082904,0.071082904,0.030103688,0.041679,0.042728345,0.054916993,0.071082904,0.071082904,0.042298901
0.037041645,0.079959753,0.079959753,0.021784162,0.25921037,0.04012563,0.067629487,0.079959753,0.079959753,0.254369693
0.032246184,0.058846828,0.058846828,0.02281588,0.146087351,0.064872399,0.043874683,0.058846828,0.058846828,0.454716191
0.107314051,0.122694944,0.122694944,0.036768289,0.133752601,0.068548577,0.060744317,0.122694944,0.122694944,0.102092387
0.047586493,0.103337196,0.103337196,0.02256881,0.041798871,0.024844457,0.402039907,0.103337196,0.103337196,0.047812677
0.102954423,0.160402323,0.160402323,0.034822487,0.051714173,0.036788089,0.080128578,0.160402323,0.160402323,0.051982957
0.103177899,0.082298947,0.082298947,0.078808618,0.071511076,0.265564968,0.05912094,0.082298947,0.082298947,0.092620713
0.04474974,0.108197063,0.108197063,0.033082164,0.123877903,0.05520209,0.112487406,0.108197063,0.108197063,0.197812446
0.054414982,0.107179219,0.107179219,0.024936131,0.042630179,0.025993762,0.374698742,0.107179219,0.107179219,0.048609327
0.046184123,0.114914857,0.114914857,0.023741962,0.035168626,0.021465653,0.375249495,0.114914857,0.114914857,0.038530714
0.047764291,0.142604535,0.142604535,0.045740503,0.080579836,0.047712624,0.118336456,0.142604535,0.142604535,0.08944815
0.108345439,0.13595878,0.13595878,0.039564002,0.0712003,0.047982799,0.121624707,0.13595878,0.13595878,0.067447634
0.065768774,0.129458074,0.129458074,0.033697885,0.080271261,0.04597496,0.177841436,0.129458074,0.129458074,0.078613386
0.62704341,0.055306362,0.055306362,0.030129643,0.025115158,0.031066548,0.038051696,0.055306362,0.055306362,0.027368095
0.063591976,0.13153425,0.13153425,0.031807159,0.074972481,0.040660177,0.185073679,0.13153425,0.13153425,0.077757528
