C1,C2,C3,C4,C5,C6,C7,C8,C9,C10,C11,C12,C13
0.018410102,0.010982632,0.018000099,0.25969823,0.208989069,0.434092048,0.003488831,0.010982732,0.000298021,0.001720283,0.004254469,0.006608942,0.022474539
0.0270421,0.013453671,0.02583116,0.284456004,0.35408682,0.229011418,0.004033187,0.013453817,0.000283828,0.001775849,0.004723043,0.007833106,0.034015998
0.011371753,0.006821819,0.012635875,0.423475105,0.231610597,0.28232186,0.001958517,0.006821891,0.000145498,0.000902555,0.002190552,0.003863604,0.015880374
0.007095375,0.003923944,0.00700287,0.383233675,0.21193877,0.368551434,0.001164025,0.003923984,8.98E-05,0.000541959,0.001406231,0.002252174,0.008875752
0.012024388,0.007004862,0.01289235,0.451423424,0.252632629,0.231486386,0.002028365,0.007004938,0.000145654,0.000900058,0.002285338,0.003889651,0.016281957
0.018187588,0.013150684,0.022890681,0.457431077,0.201780736,0.229925087,0.003773638,0.013150828,0.000259119,0.001606818,0.00373962,0.006864416,0.027239709
0.0125687,0.009186649,0.015868558,0.502442688,0.16540359,0.254989812,0.00263237,0.009186746,0.000189439,0.001169696,0.002648513,0.004911419,0.01880182
0.020251125,0.01538545,0.026660893,0.435382273,0.204368187,0.233325772,0.004235083,0.015385619,0.000291438,0.001824214,0.004163602,0.007879703,0.030846641
0.009755267,0.006547759,0.011343141,0.566517235,0.145547849,0.231458815,0.001972157,0.006547827,0.000141881,0.000863731,0.002066602,0.003578115,0.013659621
0.008152892,0.00501001,0.008357098,0.43969907,0.146597937,0.370111823,0.001539347,0.005010059,0.000118352,0.000698781,0.001770707,0.002791973,0.010141951
0.0083916,0.005696651,0.00929995,0.495890259,0.121731026,0.334526014,0.001762274,0.005696707,0.00013469,0.000797849,0.001904073,0.003139407,0.011029502
0.007857966,0.00529083,0.00898094,0.580196939,0.130882588,0.243786041,0.001551781,0.005290885,0.000115318,0.000695264,0.001676194,0.002870944,0.01080431
0.005857094,0.003544301,0.005983269,0.494656623,0.112676708,0.361235621,0.001151963,0.003544335,8.82E-05,0.000516473,0.001296245,0.002051609,0.007397607
0.009525824,0.005979545,0.009876623,0.31361039,0.130751403,0.503290148,0.001943255,0.005979599,0.000162107,0.000935843,0.002248775,0.003578853,0.012117635
0.012482062,0.007628463,0.012393187,0.268754477,0.171582446,0.492894224,0.002419357,0.007628533,0.000203358,0.00116329,0.002905297,0.004490358,0.015454948
0.00510762,0.002973123,0.005148908,0.296012991,0.138230991,0.538690851,0.000914786,0.002973152,7.22E-05,0.000424483,0.001080031,0.001733928,0.006636939
0.006088409,0.003627174,0.006149182,0.291919479,0.122199453,0.553415051,0.001126706,0.003627209,9.18E-05,0.000535453,0.001343166,0.002128469,0.007748421
0.006618391,0.004010524,0.007147591,0.555952081,0.190039432,0.217914061,0.00115558,0.004010567,8.37E-05,0.000507717,0.001291887,0.002180254,0.009088262
0.014705903,0.008988979,0.014400888,0.273853115,0.165995184,0.481535415,0.00299612,0.008989057,0.000261092,0.001474791,0.003629256,0.005481469,0.01768873
0.009760457,0.005995332,0.009764547,0.266402747,0.138842133,0.542180906,0.001959051,0.005995387,0.000164133,0.000939059,0.002315189,0.003582113,0.012098945
0.008865785,0.005383149,0.00897447,0.258537456,0.141726007,0.552016328,0.00169536,0.005383199,0.000141366,0.000820618,0.002023772,0.003205228,0.011227262
0.008549856,0.005416079,0.008869992,0.291209411,0.124289701,0.537449759,0.001726478,0.005416129,0.000144324,0.000830879,0.002006071,0.003195731,0.010895588
0.005374138,0.003320652,0.005607445,0.350422476,0.111560724,0.50870913,0.001035114,0.003320684,8.13E-05,0.000477916,0.00117548,0.001910807,0.007004177
0.004484466,0.00248341,0.004359031,0.272155975,0.14596774,0.558962348,0.000758343,0.002483435,5.94E-05,0.00035372,0.000914033,0.001443975,0.00557408
0.006899909,0.004108262,0.006882271,0.282172282,0.14136077,0.539900359,0.001292825,0.004108301,0.000102913,0.000599595,0.001511366,0.002382359,0.008678787
0.01495226,0.008556795,0.015411398,0.337367154,0.342997153,0.241511757,0.002406896,0.008556889,0.000170091,0.001043574,0.002727837,0.004575242,0.019722954
0.004555652,0.002753354,0.004787034,0.412181103,0.139542469,0.423689157,0.000807531,0.002753382,6.18E-05,0.000369366,0.000924521,0.001538282,0.006036337
0.007860014,0.004472528,0.008010717,0.400452516,0.287313225,0.271271261,0.001268976,0.004472577,9.36E-05,0.000570507,0.001490045,0.002444879,0.010279113
0.007935982,0.00448878,0.007812326,0.270519814,0.164067432,0.523886137,0.001426763,0.004488822,0.000117175,0.000680062,0.00172017,0.002744433,0.010112104
0.008063446,0.004482877,0.00790528,0.294160594,0.200474816,0.463538236,0.001415787,0.004482921,0.000111944,0.000657079,0.001678962,0.002695619,0.010332438
0.003895116,0.002137298,0.003767556,0.179477954,0.119987439,0.680512946,0.000662234,0.002137318,5.41E-05,0.000317098,0.000816573,0.001296954,0.004937377
0.005637371,0.003059845,0.005354134,0.201018807,0.150335727,0.619895535,0.000975076,0.003059874,7.98E-05,0.000463457,0.001202814,0.001878746,0.007038817
0.004820429,0.002681703,0.004759686,0.194958228,0.143702138,0.636222214,0.000823875,0.002681729,6.69E-05,0.000394603,0.001002498,0.00162319,0.006262794
0.00530793,0.003048644,0.005482454,0.347331983,0.205208254,0.419142094,0.000918593,0.003048675,6.97E-05,0.000417384,0.001055252,0.001768478,0.007200605
0.006750529,0.003638403,0.006685403,0.30084793,0.32536799,0.338940019,0.001085865,0.00363844,8.34E-05,0.00049926,0.001298683,0.002154518,0.00900958
0.004711069,0.002928093,0.004976412,0.487426155,0.101622174,0.385093319,0.000921299,0.002928122,7.05E-05,0.000415923,0.001023739,0.001678261,0.006204936
0.005189246,0.002978161,0.005105029,0.370040799,0.130828354,0.472065112,0.000947167,0.002978189,7.41E-05,0.000435256,0.001118497,0.001752374,0.006487744
0.003188139,0.001885582,0.003268568,0.220601439,0.082634491,0.679674105,0.000576174,0.0018856,4.64E-05,0.00027399,0.000683162,0.001110826,0.004171571
0.007104662,0.004482771,0.007583907,0.455320989,0.1270962,0.378169161,0.001417927,0.004482815,0.000110087,0.000650795,0.00157844,0.002600682,0.009401566
0.00671559,0.004193034,0.007465665,0.430538096,0.16290978,0.368942451,0.001203749,0.004193077,9.28E-05,0.000565327,0.001365268,0.002370962,0.009444233
0.013420933,0.00793969,0.012941546,0.265876671,0.164075914,0.499377723,0.00263669,0.007939759,0.000229664,0.001301088,0.003268005,0.004889847,0.01610247
0.010066036,0.006392297,0.010448544,0.475876194,0.139194525,0.329537664,0.002197423,0.006392357,0.000164436,0.000950416,0.002363833,0.0036929,0.012723375
0.013058906,0.007861242,0.012722721,0.316828064,0.158164501,0.455254595,0.002790143,0.007861311,0.000230888,0.001293925,0.003254701,0.004841365,0.015837638
0.003670526,0.002149191,0.003673787,0.272530272,0.082650408,0.625363095,0.00068749,0.002149212,5.52E-05,0.000322672,0.000814859,0.00128167,0.004651575
0.00351221,0.002058533,0.003530718,0.211453524,0.0800313,0.68983003,0.000654862,0.002058552,5.30E-05,0.000309096,0.000774655,0.001232457,0.004501074
0.004480085,0.00259919,0.004472052,0.2259369,0.097157329,0.653232508,0.000821672,0.002599215,6.72E-05,0.000393066,0.000986118,0.001560999,0.005693707
0.00585737,0.003689474,0.006172717,0.585827741,0.108489902,0.273422567,0.001208105,0.00368951,8.92E-05,0.000522043,0.001300325,0.002093658,0.00763741
0.005397171,0.003389954,0.005675666,0.473645093,0.106624921,0.39005789,0.001074065,0.003389987,8.26E-05,0.000481903,0.001198369,0.001934333,0.007048042
0.015009231,0.00903129,0.014601054,0.282680023,0.168287957,0.469119242,0.003077478,0.009031368,0.000266242,0.001496119,0.003735516,0.00557991,0.018084572
0.004826012,0.002707808,0.004796539,0.504514506,0.164814754,0.305689747,0.000830969,0.002707835,6.23E-05,0.000371879,0.000975524,0.001553409,0.006148673
0.011026165,0.007360155,0.011948344,0.349521466,0.143871304,0.444034876,0.002335799,0.007360224,0.000187392,0.001087653,0.002585893,0.00420925,0.014471479
0.00491744,0.003167326,0.005506465,0.529749394,0.103664051,0.338731757,0.000941418,0.003167358,7.22E-05,0.00043364,0.001042785,0.001782235,0.00682398
0.005227463,0.003405605,0.005693571,0.591034861,0.101450005,0.278126695,0.001058044,0.003405639,7.90E-05,0.00046816,0.0011494,0.001893708,0.007007841
0.012058344,0.00807407,0.012850077,0.323431113,0.139250707,0.468858964,0.002652662,0.008074142,0.000222676,0.001270513,0.002984517,0.004759172,0.015513044
0.006273731,0.004062416,0.006926484,0.375058932,0.117476977,0.471927074,0.001218294,0.004062456,9.70E-05,0.000577004,0.00137407,0.002325987,0.008619605
0.0097939,0.006536266,0.01066041,0.432803602,0.128944877,0.382275027,0.002168127,0.006536327,0.000170209,0.000983703,0.002338693,0.00380415,0.012984708
0.008049661,0.005278687,0.008539345,0.394400192,0.115636449,0.444761901,0.001745391,0.005278736,0.000138375,0.000797412,0.001913387,0.003059974,0.01040049
0.003539885,0.002138183,0.003660004,0.298076023,0.081105238,0.601618575,0.000671553,0.002138203,5.38E-05,0.000314861,0.000778964,0.001263024,0.004641733
0.008211408,0.005447324,0.008859037,0.395416027,0.113814581,0.44411718,0.001790103,0.005447374,0.000143604,0.000830857,0.001967786,0.003182967,0.010771751
0.007517059,0.005070993,0.00837221,0.411734504,0.111601087,0.43333406,0.0015921,0.005071041,0.000126895,0.000742794,0.001743301,0.002912276,0.01018168
0.011429919,0.007384805,0.012001476,0.304107341,0.142728853,0.489435339,0.002367898,0.007384872,0.000201492,0.00115571,0.002752121,0.004403287,0.014646888
0.007098323,0.004517196,0.00762581,0.322278907,0.123087343,0.515004408,0.001384759,0.004517239,0.000112567,0.000659329,0.001589813,0.002633676,0.009490631
0.006137882,0.003908348,0.006844577,0.470634403,0.128056919,0.366471937,0.001171614,0.003908387,9.16E-05,0.000547867,0.001309032,0.002265262,0.008652183
0.006735577,0.00441705,0.007969284,0.587770345,0.145187,0.227747453,0.001264636,0.004417097,9.32E-05,0.000569418,0.001357601,0.002450483,0.010020871
0.006857871,0.004330812,0.007707756,0.532737042,0.149113269,0.279373723,0.001285833,0.004330857,9.56E-05,0.000580755,0.001408199,0.002429521,0.009748806
0.013577123,0.009459739,0.014673611,0.385293738,0.141037026,0.395140257,0.003251051,0.009459823,0.000262344,0.001487481,0.003472653,0.005484475,0.017400679
0.010392512,0.007553517,0.012131462,0.480602185,0.124454689,0.332607492,0.002398667,0.007553589,0.000185112,0.001087105,0.002480809,0.004218112,0.014334748
0.01229531,0.008581513,0.013593654,0.365648723,0.141715952,0.421258662,0.002766808,0.008581591,0.000223446,0.001294711,0.002984345,0.004899482,0.016155802
0.004249021,0.002789401,0.004660197,0.532819773,0.081574101,0.361611918,0.000859886,0.002789429,6.60E-05,0.000390983,0.000940714,0.001562844,0.005685737
0.012552927,0.00858066,0.013732791,0.336484102,0.142395446,0.448748918,0.002757429,0.008580736,0.000231979,0.001332778,0.003074065,0.005032649,0.01649552
0.013855718,0.009295917,0.014516868,0.343549424,0.146410384,0.431719782,0.003155081,0.009295998,0.000264182,0.001491689,0.00355408,0.005493307,0.01739757
0.014257927,0.009462761,0.014802922,0.329417363,0.149330178,0.441164319,0.003232897,0.009462843,0.000271717,0.001534386,0.003659118,0.005629006,0.017774566
0.00580299,0.003900066,0.006424656,0.5998062,0.102354573,0.264794573,0.001215736,0.003900105,8.88E-05,0.000526169,0.001283223,0.002116983,0.007785957
0.00697656,0.004800254,0.007756258,0.547816928,0.103231727,0.308750841,0.001534589,0.0048003,0.000114944,0.000675372,0.001616594,0.002646501,0.009279133
0.005429596,0.003706907,0.006203727,0.662533657,0.090196112,0.215832801,0.001129571,0.003706945,8.34E-05,0.000497872,0.001194113,0.002020034,0.007465309
0.018074694,0.013241105,0.021689915,0.467988764,0.185803051,0.23717227,0.004272233,0.013241244,0.000279906,0.001692188,0.004008094,0.006940837,0.025595698
0.01214596,0.007758906,0.012222669,0.331135747,0.143836067,0.458619236,0.002657355,0.007758974,0.000219681,0.001238604,0.003033844,0.004591551,0.014781406
0.007318607,0.004673549,0.007594136,0.319312262,0.109569938,0.53069269,0.001528821,0.004673592,0.000124973,0.000716856,0.001739306,0.002745985,0.009309285
0.011469174,0.007350191,0.011671609,0.335374018,0.135646928,0.465771273,0.002537791,0.007350255,0.000210517,0.00118799,0.002881312,0.004398878,0.014150064
0.005896935,0.003835937,0.006266783,0.443094261,0.104292074,0.419770363,0.001211682,0.003835974,9.38E-05,0.000547635,0.001343525,0.002160013,0.007650992
0.007302834,0.004743378,0.00779056,0.347833811,0.113323094,0.49800542,0.001477711,0.004743422,0.000120882,0.000703092,0.001693532,0.002740329,0.009521935
0.008000046,0.004838578,0.008309726,0.474883626,0.20898795,0.273359841,0.001404307,0.00483863,0.000102754,0.000617278,0.001611613,0.002601437,0.010444214
0.008929532,0.005583899,0.00961425,0.526190579,0.183084638,0.241825787,0.001623405,0.005583958,0.000118778,0.000715648,0.001817213,0.003011913,0.011900398
0.006839747,0.004168616,0.006882099,0.374667041,0.116363262,0.472288238,0.001357271,0.004168655,0.000108785,0.000630055,0.001583018,0.00244764,0.008495574
0.018961045,0.012627376,0.019411412,0.328789005,0.163576622,0.400839206,0.004647716,0.012627482,0.000392446,0.002170394,0.005129071,0.007692788,0.023135437
0.012662089,0.00808502,0.012794524,0.344861229,0.148262843,0.437582012,0.002795421,0.008085093,0.000225618,0.001283012,0.003137221,0.004758728,0.01546719
0.009483067,0.006054745,0.009779357,0.374496102,0.125804111,0.44725639,0.002094975,0.0060548,0.000167195,0.000954986,0.002310567,0.003597033,0.011946671
0.012247814,0.007489514,0.012838806,0.486832883,0.181890606,0.264427992,0.002544899,0.007489589,0.000178729,0.001061128,0.002671738,0.004304689,0.016021614
0.008603302,0.004938036,0.008593358,0.482336569,0.17658305,0.296021091,0.001610739,0.004938085,0.000118926,0.000707456,0.001813277,0.002871084,0.010865026
0.005758743,0.003583061,0.006092789,0.527593131,0.109684059,0.330943354,0.001160943,0.003583096,8.84E-05,0.000520717,0.001279435,0.002085316,0.007626941
0.005808043,0.003416637,0.005836197,0.449824717,0.121327478,0.397927602,0.001128875,0.003416669,8.73E-05,0.000510171,0.00128978,0.002035056,0.007391464
0.006952821,0.003824084,0.0066187,0.360713922,0.15282423,0.45099261,0.001277185,0.00382412,9.97E-05,0.000583768,0.001519068,0.002317111,0.008452642
0.00493342,0.002770594,0.004935385,0.419394099,0.142072121,0.412733102,0.000879977,0.002770622,6.73E-05,0.000401935,0.001026109,0.001646149,0.006369164
0.008647773,0.005446571,0.009267608,0.463757153,0.142830032,0.345469164,0.001775027,0.005446625,0.000132302,0.000789275,0.001899759,0.003139012,0.011399701
0.008318644,0.005125255,0.008695962,0.443133999,0.146047964,0.365176819,0.001643671,0.005125304,0.000128082,0.000751112,0.001870474,0.003014029,0.010968684
0.00851389,0.004923923,0.008731629,0.399574769,0.210077687,0.344794898,0.001529446,0.004923973,0.00011637,0.000692911,0.001776683,0.002898391,0.01144543
0.00390092,0.002356955,0.004059167,0.386137442,0.104153156,0.488599367,0.000721007,0.002356979,5.57E-05,0.000330311,0.000829798,0.001348601,0.005150573
0.011869706,0.007528175,0.012661656,0.467162626,0.168869351,0.297911069,0.002485844,0.007528248,0.00018297,0.001072293,0.002676072,0.004320894,0.015731096
0.005861938,0.00359083,0.006148327,0.307336176,0.125560497,0.535058779,0.001090407,0.003590865,8.73E-05,0.000514921,0.001276424,0.002085047,0.007798445
0.008421073,0.005728683,0.009830486,0.506790408,0.153203477,0.290757118,0.001662234,0.005728743,0.000122433,0.00074258,0.001778185,0.003099613,0.012134966
0.013251093,0.008312684,0.014137928,0.487658117,0.179910082,0.259671635,0.002653323,0.008312767,0.000192335,0.001146692,0.002877869,0.004662914,0.017212562
0.136283398,0.036454499,0.082197838,0.140131084,0.219894176,0.139393631,0.011279012,0.036454866,0.000825697,0.005325184,0.017262722,0.027789701,0.146708191
0.100208775,0.026113881,0.060338658,0.156345033,0.312463407,0.168263114,0.007484517,0.026114151,0.000589156,0.003781928,0.011931021,0.018959244,0.107407115
0.064180869,0.018623188,0.041330193,0.158887502,0.420601436,0.179163266,0.005193518,0.018623385,0.0004081,0.00257432,0.008058208,0.012615146,0.069740868
0.018317149,0.007068049,0.014188741,0.142647375,0.58125651,0.19768452,0.002083653,0.007068121,0.000166734,0.001019144,0.002959008,0.004568501,0.020972496
0.10336758,0.023073482,0.051664331,0.151726458,0.359570233,0.163860904,0.006449185,0.023073729,0.000495492,0.003150221,0.010934181,0.015676162,0.086958041
0.031356124,0.01146855,0.024060915,0.171192549,0.481235308,0.214641534,0.003304887,0.011468668,0.000268429,0.001668673,0.004872388,0.00763643,0.036825546
0.012645741,0.005842316,0.010948446,0.205916497,0.42376882,0.31077198,0.001870766,0.005842373,0.000145832,0.000868481,0.002376819,0.003685829,0.015316101
0.017113857,0.006987373,0.012730832,0.195581409,0.426415966,0.30504139,0.002351678,0.006987439,0.000188502,0.001099818,0.003315018,0.004520051,0.017666668
0.029974614,0.010105252,0.020466855,0.154034982,0.539449653,0.188481427,0.003066364,0.010105356,0.000239627,0.001463516,0.004591288,0.006620449,0.031400616
0.016051631,0.007668144,0.013664799,0.211624502,0.267961892,0.444643639,0.00248131,0.007668214,0.000217482,0.001260612,0.003394735,0.005012689,0.018350352
0.008940663,0.00421736,0.007729522,0.185348906,0.35778028,0.414829226,0.001314974,0.004217402,0.00010606,0.000631582,0.001736089,0.002624035,0.010523901
0.007421507,0.003665426,0.006669562,0.182786571,0.284943882,0.496362948,0.001131206,0.003665462,9.23E-05,0.00054789,0.001462332,0.002270674,0.008980252
0.010065203,0.005194046,0.009316109,0.216382176,0.244897534,0.488855644,0.001617203,0.005194096,0.000132337,0.000786106,0.002042799,0.003203002,0.012313745
0.010459831,0.005177423,0.009918366,0.2056012,0.389030508,0.353343238,0.001522516,0.005177476,0.00012244,0.000746482,0.001946941,0.003220319,0.013733259
0.012744781,0.005737369,0.01138061,0.168564804,0.551707082,0.219894441,0.001638816,0.00573743,0.000128135,0.00079055,0.002135297,0.003520624,0.016020061
0.011638915,0.005453425,0.011167874,0.158905379,0.628629575,0.155281358,0.001470433,0.005453485,0.000110456,0.00069024,0.001855563,0.003221977,0.016121319
0.025249348,0.010766526,0.02314345,0.169899033,0.514884461,0.19544563,0.002768743,0.010766643,0.000219144,0.00138802,0.003782872,0.006653541,0.035032588
0.011471439,0.005357124,0.010110312,0.17135521,0.504558261,0.269736848,0.001553798,0.005357178,0.000124708,0.000750339,0.0020778,0.003276983,0.01427
0.016194858,0.006906975,0.0140192,0.14177991,0.619613555,0.164375774,0.001840754,0.006907051,0.000142766,0.000886886,0.002511301,0.004131896,0.020689074
0.01308843,0.005863454,0.011300475,0.156972392,0.548246835,0.234257941,0.001636477,0.005863514,0.00013285,0.000808256,0.00225717,0.003586194,0.015986013
0.008812049,0.00473375,0.008792232,0.251610316,0.376828762,0.326106806,0.001337796,0.0047338,0.000104087,0.000632549,0.001656901,0.002753239,0.011897713
0.011504781,0.005432075,0.010503291,0.176577074,0.519363612,0.248436496,0.001564042,0.005432131,0.000123322,0.000751703,0.002038922,0.003325401,0.014947149
0.015082438,0.007346907,0.013041774,0.198534778,0.318978732,0.411013524,0.002214684,0.007346977,0.000188256,0.001103892,0.003030806,0.004546514,0.017570717
0.015103863,0.008145657,0.014023533,0.225604775,0.230666172,0.467621164,0.002506368,0.008145731,0.000220376,0.001272135,0.003296565,0.005079099,0.018314562
0.032726943,0.013170231,0.024814198,0.180433755,0.415547071,0.264093956,0.003757209,0.013170359,0.000323333,0.001925868,0.005721579,0.008439826,0.035875673
0.018938197,0.008087618,0.016058121,0.164623543,0.527736757,0.221906901,0.002199526,0.008087702,0.000179215,0.001102359,0.003100413,0.004997244,0.022982405
0.030826268,0.013510286,0.027412102,0.197986048,0.470153558,0.190981877,0.003403922,0.013510442,0.000251314,0.00159627,0.004521913,0.007514873,0.038331127
0.010881981,0.006042505,0.010063426,0.264823933,0.161661645,0.518251426,0.002083984,0.006042559,0.000173718,0.000988415,0.002551676,0.003756301,0.01267843
0.005556574,0.003144164,0.00531619,0.293873565,0.117898009,0.559604444,0.0010498,0.003144193,8.32E-05,0.000481972,0.001239456,0.001887883,0.006720576
0.01064306,0.006004884,0.009930729,0.253425578,0.157213257,0.534638104,0.00207552,0.006004938,0.000174656,0.000987511,0.002528211,0.003742107,0.012631444
0.012785186,0.007044008,0.011571953,0.3004217,0.182341863,0.452667381,0.00254833,0.00704407,0.000207241,0.001158952,0.003072276,0.004396325,0.014740716
0.005710236,0.002880282,0.005260685,0.269106275,0.399539216,0.303341626,0.000886508,0.002880311,6.73E-05,0.000401027,0.001097094,0.001710195,0.00711925
0.002960789,0.00159064,0.002814037,0.232652689,0.120739305,0.631637999,0.000500023,0.001590655,3.92E-05,0.000231008,0.000611693,0.000949608,0.003682338
0.004100264,0.002208223,0.003854295,0.203428577,0.128299147,0.64754104,0.000713153,0.002208244,5.70E-05,0.00033185,0.000868617,0.001341608,0.005047993
0.003425391,0.001853026,0.003218321,0.18382593,0.113893062,0.685002603,0.000589931,0.001853044,4.70E-05,0.00027461,0.000720981,0.001110129,0.004186015
0.003604684,0.001881547,0.003328113,0.162793453,0.152942628,0.666399307,0.000582549,0.001881565,4.70E-05,0.000276128,0.000735356,0.001133655,0.004394031
0.00662532,0.003323064,0.005940265,0.23611941,0.239967554,0.491815896,0.001060256,0.003323097,8.43E-05,0.000494746,0.001339494,0.002025601,0.007880975
0.00706617,0.003652535,0.006375273,0.240045766,0.180283654,0.544987371,0.00119909,0.00365257,9.74E-05,0.000564991,0.001508686,0.002254461,0.008312029
0.005040184,0.002759183,0.004896002,0.350951026,0.173461688,0.449753864,0.000874261,0.002759211,6.72E-05,0.000398598,0.001030714,0.001638994,0.006369121
0.004871866,0.002576155,0.004588854,0.216949166,0.161202316,0.597419908,0.000811075,0.00257618,6.49E-05,0.000384071,0.000997318,0.001564034,0.005994142
0.013205632,0.007642489,0.012450321,0.348843763,0.174522415,0.408127346,0.002784623,0.007642557,0.000217381,0.001230269,0.00317533,0.00464688,0.015510993
0.003631379,0.002044994,0.003515761,0.227438383,0.091979224,0.66181006,0.000661852,0.002045014,5.27E-05,0.000307366,0.000791995,0.001225104,0.004496118
0.007849112,0.004322326,0.007218382,0.268591929,0.142820637,0.548948911,0.001483851,0.004322366,0.00012057,0.000687685,0.001816146,0.002647768,0.009170317
0.009879323,0.006039781,0.009970551,0.464257556,0.164188244,0.318529833,0.002036326,0.006039841,0.000147701,0.000861085,0.002220533,0.003415721,0.012413504
0.006052569,0.003478316,0.005897757,0.415755777,0.164421971,0.388463513,0.001103994,0.003478351,8.29E-05,0.000487119,0.001286068,0.001977346,0.007514337
0.004500305,0.002670993,0.004497258,0.453608591,0.100313071,0.422206533,0.000874788,0.002671019,6.71E-05,0.000391117,0.000995603,0.001552921,0.005650686
0.008137584,0.004423625,0.007885737,0.449779891,0.261160309,0.247823349,0.001387124,0.004423671,9.90E-05,0.000593747,0.001586261,0.00250578,0.010193892
0.004466929,0.002497719,0.004241171,0.182605464,0.105506669,0.689062567,0.00079411,0.002497743,6.49E-05,0.000376397,0.000977176,0.001488735,0.005420451
0.012760723,0.006867231,0.01279325,0.349994496,0.370014601,0.214534836,0.001999505,0.006867307,0.000141212,0.000868374,0.002347041,0.003843337,0.016968086
0.006915642,0.003650663,0.006706035,0.33173909,0.360914938,0.272465501,0.001084242,0.003650701,8.07E-05,0.000486182,0.001299008,0.002095199,0.008912051
0.00538837,0.002830083,0.00501237,0.241062115,0.206094942,0.525962542,0.000890259,0.00283011,7.01E-05,0.000413418,0.001107231,0.001699643,0.006638865
0.010379882,0.005038357,0.009387259,0.23093264,0.521751467,0.197659541,0.001500297,0.005038411,0.000108772,0.000660375,0.001850392,0.002899261,0.012793345
0.006537984,0.003540431,0.006117866,0.209007117,0.175961008,0.582157592,0.001087857,0.003540465,8.93E-05,0.000521462,0.001379155,0.002111277,0.007948505
0.010492069,0.005788296,0.009762802,0.220092553,0.174960572,0.551618808,0.001871056,0.005788348,0.000160997,0.000917435,0.002373047,0.003585277,0.012588742
0.00603774,0.003188787,0.005618476,0.254893543,0.220239309,0.494791575,0.001002962,0.003188818,7.85E-05,0.000461025,0.001224909,0.001896259,0.007378077
0.004776974,0.002504697,0.004494972,0.244762494,0.263254032,0.468091049,0.000764955,0.002504722,5.97E-05,0.000353413,0.00094397,0.001484991,0.006004001
0.006547582,0.003692713,0.006293661,0.194248632,0.134069096,0.637899962,0.001158332,0.003692748,9.73E-05,0.000563716,0.001438869,0.002233103,0.008064285
0.005474229,0.00318513,0.005366764,0.216345428,0.108684482,0.646175054,0.001031661,0.00318516,8.50E-05,0.000489284,0.00123056,0.001920685,0.006826587
0.003336202,0.001900076,0.00325886,0.202306233,0.082707295,0.697568325,0.000616384,0.001900094,4.95E-05,0.000287555,0.000732154,0.001144708,0.004192596
0.009876076,0.00495888,0.008452655,0.208001707,0.207069966,0.537802242,0.001661761,0.004958925,0.000138032,0.000789416,0.002163127,0.003085926,0.011041286
0.004057362,0.00210987,0.003705495,0.17767283,0.170125868,0.632292637,0.000656248,0.002109891,5.20E-05,0.000305784,0.000822531,0.001250167,0.004839345
0.015782079,0.007081023,0.0126193,0.215005263,0.394248395,0.320644259,0.002242377,0.007081093,0.000175942,0.001039234,0.003006046,0.004276286,0.016798702
0.007977132,0.003802666,0.006996325,0.17502672,0.580284961,0.207358981,0.001100465,0.003802706,8.39E-05,0.00050435,0.001418667,0.002192034,0.009451133
0.007317154,0.003744105,0.006433625,0.213543058,0.192545642,0.558650578,0.001193154,0.00374414,9.81E-05,0.000569027,0.001558154,0.00226721,0.008336019
0.009424487,0.004693633,0.008152007,0.255746741,0.271574761,0.428010704,0.001493145,0.004693678,0.000119622,0.000697744,0.00193825,0.002826135,0.010629093
0.005729795,0.002937494,0.005118746,0.241337696,0.240029206,0.490980772,0.000913085,0.002937523,7.12E-05,0.000418646,0.001157549,0.001716328,0.006651946
0.005188205,0.002778918,0.004848246,0.327652128,0.210379827,0.436180048,0.000863941,0.002778946,6.56E-05,0.000388098,0.001044067,0.001598226,0.006233726
0.004639209,0.002572603,0.004375426,0.203951349,0.106251799,0.666241358,0.000824056,0.002572627,6.75E-05,0.00039151,0.001017508,0.001542867,0.00555215
0.006831575,0.003583011,0.00615043,0.190167087,0.154120771,0.622082436,0.00117059,0.003583044,9.71E-05,0.000560847,0.001489415,0.002207063,0.00795664
0.008859064,0.004238182,0.007602347,0.200585544,0.33773959,0.4203148,0.001317324,0.004238224,0.000105188,0.000621702,0.001724336,0.002566905,0.010086794
0.007696334,0.003796865,0.006749123,0.195746582,0.282714491,0.48492741,0.001170118,0.003796901,9.50E-05,0.000558896,0.001529482,0.002300238,0.008918593
0.007070291,0.003420948,0.006119426,0.223994531,0.381883938,0.360985016,0.001053149,0.003420983,8.19E-05,0.000486521,0.0013634,0.00202432,0.008095599
0.007113757,0.00365407,0.006578728,0.242770406,0.281290387,0.44101377,0.001093199,0.003654107,8.73E-05,0.000522835,0.001400407,0.002176303,0.008644755
0.006352214,0.003122875,0.005811731,0.197922554,0.439273107,0.332071889,0.000930447,0.003122907,7.26E-05,0.000439184,0.001178073,0.001871037,0.007831363
0.012641998,0.005949803,0.010964941,0.235877749,0.442001006,0.263074863,0.001828869,0.005949864,0.000139279,0.000836724,0.002327756,0.00357319,0.014833958
0.008897382,0.004227159,0.007651491,0.17424533,0.328494778,0.455363434,0.001305941,0.0042272,0.000108836,0.000638445,0.001759446,0.002647109,0.010433448
0.008961845,0.00436615,0.007717109,0.197462506,0.255546926,0.504699466,0.001375646,0.004366192,0.000113767,0.00066715,0.001839511,0.002694264,0.010189469
0.007449097,0.0040609,0.006948453,0.195867631,0.148893486,0.617616623,0.001294057,0.004060938,0.000109156,0.00063274,0.001641039,0.002488884,0.008936995
0.009210493,0.004828878,0.008515173,0.205666913,0.246471068,0.501943593,0.001494034,0.004828925,0.000122651,0.000717709,0.001890992,0.002944703,0.011364868
0.010680403,0.005450687,0.009458087,0.217307429,0.216976776,0.513788621,0.001757929,0.005450737,0.000148861,0.000856939,0.002293862,0.003405511,0.012424157
0.008992919,0.004507897,0.008163267,0.203542488,0.313567893,0.438969736,0.00138819,0.004507942,0.000111753,0.000660445,0.00176644,0.002758498,0.011062532
0.017139819,0.007710709,0.014009364,0.198993146,0.357306226,0.366075457,0.002358896,0.007710782,0.000201018,0.001178443,0.003350878,0.004886254,0.019079007
0.008218787,0.003967739,0.007267676,0.185490694,0.353055541,0.422294563,0.001201392,0.003967778,9.76E-05,0.000580775,0.001588178,0.002437924,0.009831358
0.011721138,0.0053267,0.009938246,0.165385489,0.500732895,0.279998491,0.001536517,0.005326754,0.000124991,0.000749355,0.002127767,0.003240312,0.013791345
0.016584935,0.006159091,0.012453965,0.119612841,0.669899595,0.141218878,0.001781126,0.006159155,0.000136982,0.000837569,0.002536196,0.003864468,0.0187552
0.008530491,0.003712203,0.007120698,0.127697266,0.668793014,0.164876898,0.001129303,0.003712242,8.52E-05,0.000514088,0.001468099,0.002264742,0.010095791
0.021154979,0.007916652,0.01623972,0.13518668,0.626342378,0.14901305,0.002246242,0.007916738,0.0001681,0.001040338,0.003122766,0.004880681,0.024771675
0.007474567,0.003129637,0.00633244,0.091097159,0.769367043,0.105656377,0.000895636,0.003129671,6.84E-05,0.000421672,0.001198528,0.001925457,0.009303414
0.0202436,0.008038005,0.016537034,0.163324044,0.589263919,0.157995433,0.002359577,0.008038092,0.000172515,0.001069731,0.003122765,0.004994142,0.024841142
0.010391887,0.004539792,0.008882844,0.150313746,0.606975848,0.194955377,0.001347187,0.004539838,0.000105471,0.000638624,0.001793805,0.002842642,0.012672938
0.015293317,0.007610405,0.013138028,0.225030758,0.242296529,0.459293093,0.002509069,0.007610473,0.000218233,0.00124388,0.003421813,0.004900508,0.017433896
0.007954165,0.004047731,0.007198159,0.207028341,0.208379999,0.545622354,0.001288078,0.00404777,0.000106746,0.000622813,0.00165864,0.002524483,0.009520721
0.010598547,0.005556399,0.009784334,0.22642245,0.229909027,0.490971014,0.001710677,0.005556451,0.000143741,0.000838665,0.002228917,0.003419895,0.012859883
0.010708786,0.005278927,0.009209412,0.221325471,0.262262289,0.4652375,0.001765011,0.005278976,0.000143772,0.000822939,0.002277814,0.003322091,0.012367012
0.01017809,0.004685615,0.008607048,0.181766322,0.511376316,0.259693579,0.00144969,0.004685661,0.000112793,0.000665192,0.001901919,0.002865257,0.012012518
0.005026434,0.002667158,0.00470863,0.339210296,0.249907964,0.385775306,0.000838297,0.002667185,6.30E-05,0.000371692,0.001007615,0.0015531,0.006203363
0.009830871,0.004651485,0.008740029,0.219537908,0.539659594,0.194236829,0.001406223,0.004651534,0.00010289,0.000621131,0.001768338,0.00273632,0.012056849
0.005578311,0.002984027,0.00521586,0.227728951,0.14919925,0.594901599,0.000978057,0.002984056,7.88E-05,0.000457148,0.001202398,0.001840759,0.006850757
0.008877975,0.004645458,0.008260891,0.375125174,0.280294218,0.300403215,0.001514029,0.004645505,0.00011112,0.00065786,0.001793211,0.002746187,0.010925156
0.02315841,0.010184114,0.020165404,0.228796754,0.462887406,0.201224176,0.003009548,0.010184224,0.000217518,0.001340514,0.003883253,0.006107079,0.0288416
0.029359626,0.011323793,0.020029358,0.194364431,0.400952556,0.28615352,0.003680358,0.011323898,0.000308778,0.001778184,0.005699901,0.007293588,0.027732009
0.030678294,0.011620792,0.020851219,0.186795351,0.422955066,0.267274944,0.003678742,0.011620902,0.000304974,0.00177225,0.005721,0.007416787,0.029309679
0.026821644,0.009647519,0.018463599,0.160541492,0.544876269,0.188176581,0.002931489,0.009647619,0.000222477,0.001341787,0.004302204,0.005976021,0.027051299
0.017714178,0.007286713,0.013222422,0.193943788,0.471884989,0.2588802,0.002336062,0.007286785,0.000183149,0.001071589,0.003319282,0.004522267,0.018348577
0.013578513,0.00565789,0.010324973,0.16974447,0.512119958,0.259823047,0.001785934,0.005657946,0.000142176,0.000834306,0.002504555,0.003522507,0.014303726
0.008468884,0.003702254,0.006872314,0.134179535,0.592795945,0.235127782,0.0011309,0.003702291,8.95E-05,0.000532597,0.001537563,0.002278923,0.009581512
0.012150436,0.004890096,0.009468663,0.126032998,0.67117029,0.15076572,0.001447798,0.004890147,0.00010962,0.000668011,0.001972596,0.002967352,0.013466274
0.009761426,0.004028576,0.007598904,0.130990685,0.623896421,0.202858226,0.001233245,0.004028617,9.75E-05,0.000583894,0.001729687,0.002508238,0.010684561
0.030666708,0.011636064,0.021050317,0.194122632,0.406631114,0.276806593,0.003612936,0.011636175,0.000303222,0.001779886,0.005609442,0.007372927,0.028771984
0.012280179,0.006203765,0.01068295,0.221539745,0.226439744,0.493310728,0.00196619,0.006203823,0.000167122,0.000970177,0.002635001,0.003818901,0.013781675
0.027047359,0.013919767,0.022938675,0.231469894,0.238070878,0.399140674,0.004822062,0.013919883,0.000448954,0.002484177,0.006690824,0.009250853,0.029796
0.011771354,0.006062543,0.010416867,0.204784457,0.217197148,0.520675501,0.001923969,0.006062598,0.000166038,0.00095802,0.002567136,0.003783006,0.013631362
0.008756929,0.004277344,0.007619182,0.182436438,0.298221192,0.47773809,0.001323995,0.004277386,0.000108687,0.000639219,0.001754004,0.002627781,0.010219751
0.009234103,0.00428804,0.007897102,0.168418227,0.420811044,0.367893994,0.001292956,0.004288082,0.000104895,0.000624528,0.001733682,0.002629418,0.010783929
0.01140353,0.00566663,0.010029085,0.196778371,0.253804951,0.494712552,0.001754386,0.005666683,0.000149408,0.000873838,0.002347484,0.003530382,0.013282701
0.018947459,0.010519312,0.017262658,0.241890603,0.201734846,0.460351357,0.00353135,0.010519402,0.000319256,0.001793484,0.004606652,0.006692054,0.021831567
0.011401496,0.005277933,0.009915479,0.179929986,0.52926507,0.237613462,0.001577202,0.005277988,0.000120122,0.000723463,0.002011955,0.003145454,0.01374039
0.134006032,0.035354069,0.071957236,0.157878966,0.2601524,0.148621139,0.010055495,0.035354469,0.000665864,0.004261461,0.01525401,0.020987804,0.105451055
0.018237366,0.007347492,0.014233921,0.166522098,0.536884997,0.21865461,0.00211766,0.007347567,0.000169375,0.001030311,0.00301072,0.004522727,0.019921155
0.027921708,0.014751575,0.029400363,0.298538926,0.348484617,0.206297736,0.004184008,0.01475174,0.000288923,0.001807641,0.004833193,0.008421991,0.040317579
0.018061599,0.008612965,0.016224789,0.235494152,0.459463925,0.219593188,0.00245117,0.008613059,0.000179857,0.00109901,0.003141393,0.004881661,0.022183232
0.006792655,0.00385292,0.006648545,0.279166968,0.157089947,0.528524797,0.001190165,0.003852957,9.58E-05,0.000560591,0.001453728,0.00226635,0.008504607
0.010870463,0.005672261,0.01051569,0.245237624,0.431140597,0.268671618,0.001644049,0.00567232,0.000124391,0.000753338,0.002017273,0.003309842,0.014370534
0.032815009,0.014508188,0.028605288,0.21199579,0.446458638,0.189255031,0.004124085,0.01450835,0.000287678,0.00178402,0.005220755,0.008422312,0.042014854
0.007774104,0.004228923,0.007407868,0.214074568,0.201053987,0.545198515,0.001316232,0.004228964,0.000107182,0.000628077,0.00163099,0.00256573,0.00978486
0.011883709,0.006457367,0.011848043,0.375385399,0.298900128,0.264005584,0.002003658,0.006457434,0.000146715,0.000884833,0.002331312,0.003798288,0.015897528
0.008986495,0.004685476,0.00880815,0.292819499,0.379904322,0.281268414,0.001439928,0.004685524,0.00010718,0.000648823,0.00170044,0.002814535,0.012131214
0.015165038,0.008195913,0.014295946,0.320884711,0.320628676,0.282150675,0.002591655,0.008195997,0.0001871,0.001112249,0.003035565,0.004696879,0.018859598
0.007683244,0.004030158,0.007111747,0.230869239,0.219586501,0.511157729,0.001294526,0.004030197,0.000103732,0.000607628,0.001600942,0.002477902,0.009446453
0.009317171,0.004519461,0.00831854,0.208876992,0.418044329,0.32857353,0.001328618,0.004519507,0.00010593,0.000636192,0.001768629,0.002714888,0.011276214
0.012988343,0.005483059,0.010451528,0.171368231,0.547111663,0.224062759,0.001699707,0.005483115,0.000130844,0.000785281,0.002291733,0.003396603,0.014747135
0.015616179,0.007689111,0.013304321,0.232935765,0.253554308,0.439106759,0.002557111,0.00768918,0.000218754,0.001245894,0.003466602,0.004933015,0.017683002
0.015257597,0.007272043,0.012357283,0.252841533,0.310861489,0.366224195,0.002499684,0.007272112,0.000195124,0.001112879,0.003252758,0.004444572,0.01640873
0.010144403,0.005042226,0.008599169,0.231553886,0.20956669,0.510686186,0.001736521,0.005042271,0.000142982,0.00081308,0.00225325,0.003169248,0.011250089
0.010010836,0.00455005,0.008228318,0.226367843,0.423495147,0.304684922,0.00148605,0.004550095,0.00011372,0.000670954,0.001932053,0.00278344,0.011126572
0.019181135,0.008122704,0.014649096,0.219795277,0.461299639,0.236546617,0.002614531,0.008122786,0.000194381,0.00115286,0.003508608,0.004871332,0.019941034
0.009034702,0.004696158,0.008226207,0.337075768,0.23408763,0.384224996,0.00158119,0.004696204,0.000120042,0.000703085,0.001901341,0.002845368,0.010807309
0.00864192,0.00443333,0.007725603,0.322893223,0.24567645,0.389596445,0.001455101,0.004433373,0.000110024,0.000648727,0.001777609,0.002619006,0.009989187
0.076530143,0.022126657,0.043661385,0.189188263,0.352356007,0.194129729,0.007070601,0.022126881,0.000527947,0.003220265,0.011127168,0.014458108,0.063476845
0.013981069,0.006466648,0.01194221,0.260579341,0.395032522,0.280051616,0.00199548,0.006466714,0.000153695,0.000923625,0.002602304,0.003895236,0.015909542
0.006938595,0.003873524,0.006825187,0.26301451,0.184955013,0.516119994,0.001200048,0.003873562,9.47E-05,0.000559592,0.001428587,0.002299209,0.008817492
0.014137275,0.006606617,0.012014635,0.217054595,0.348653242,0.369035687,0.002021063,0.006606681,0.000165019,0.000982575,0.002721688,0.004069356,0.015931568
0.019269897,0.008125603,0.0155186,0.201158997,0.496616758,0.217856549,0.002493625,0.008125687,0.000185112,0.001124545,0.003251055,0.004919911,0.021353661
0.013517408,0.00689791,0.012525186,0.330482109,0.348623168,0.254465519,0.002189188,0.006897981,0.000156876,0.000937675,0.002606114,0.004020689,0.016680178
0.006381054,0.003665449,0.00630177,0.484373058,0.158999951,0.32340872,0.00116698,0.003665486,8.70E-05,0.000512764,0.001352287,0.002098427,0.007987021
0.026506332,0.016031247,0.025241725,0.261769594,0.199804427,0.397146216,0.00565338,0.016031376,0.000526752,0.002897361,0.007072329,0.010312608,0.031006653
0.021274062,0.012697414,0.020328439,0.260055751,0.194153603,0.433387097,0.004311671,0.012697521,0.000389601,0.002181738,0.005391439,0.007980441,0.025151223
0.010251508,0.00644625,0.011440111,0.376993814,0.224832747,0.340684799,0.001768225,0.006446318,0.000137482,0.000836074,0.002053956,0.003581834,0.014526881
0.012630056,0.007347887,0.01326738,0.266140721,0.265525665,0.400410613,0.002030852,0.007347961,0.000166365,0.00100159,0.002494619,0.004269985,0.017366306
0.015816514,0.009747726,0.018267231,0.333295044,0.322617923,0.254448879,0.002567887,0.009747835,0.000187623,0.001169517,0.002897945,0.005270325,0.023965551
0.013914411,0.00766066,0.014338761,0.259925922,0.354544524,0.312265,0.002093999,0.007660741,0.000165062,0.001004939,0.002597766,0.0044382,0.019390015
0.017671479,0.009783068,0.018710477,0.303486957,0.380052041,0.222519353,0.002666424,0.009783178,0.000191492,0.001184649,0.003142528,0.005404539,0.025403814
0.03284957,0.017304005,0.036760149,0.245718367,0.380620392,0.195195799,0.004305807,0.017304213,0.000303103,0.001960492,0.005163774,0.009583688,0.052930642
0.01230082,0.00699367,0.012520999,0.25393173,0.241383627,0.439144173,0.002071275,0.006993737,0.000171855,0.001019427,0.002546916,0.004252072,0.016669698
0.021738954,0.009366577,0.018543167,0.18216232,0.513516747,0.204884461,0.002594407,0.009366675,0.000202343,0.001236987,0.0035852,0.005715381,0.02708678
0.078204046,0.025676961,0.052284389,0.179243806,0.341907819,0.17633296,0.007238926,0.025677239,0.000523532,0.00324967,0.011020392,0.015970067,0.082670193
0.031644482,0.015179441,0.02874296,0.231845872,0.403375409,0.212727167,0.004331546,0.015179607,0.000309386,0.001886397,0.005393605,0.008747103,0.040637026
0.041509985,0.021736381,0.042840363,0.230840778,0.326509841,0.223910833,0.006093218,0.021736613,0.000448808,0.00276901,0.007139854,0.013011124,0.061453191
0.018147943,0.010053762,0.01887028,0.283405588,0.329569308,0.292075011,0.002690683,0.010053869,0.000211466,0.001299787,0.003338674,0.005718574,0.024565056
0.045030963,0.017073242,0.035872845,0.1956797,0.41038049,0.202962582,0.004514352,0.017073425,0.000355312,0.002239919,0.00654124,0.0105961,0.051679827
0.023635707,0.013142983,0.025788851,0.262793139,0.340198178,0.270363393,0.003285655,0.013143124,0.000264814,0.001660512,0.00414701,0.007558719,0.034017915
0.074043282,0.148122787,0.133235352,0.067261492,0.066794589,0.059652232,0.074697879,0.148123431,0.002111861,0.016790677,0.027279424,0.074687199,0.107199796
0.066745156,0.100249771,0.08385006,0.055304426,0.055304743,0.051499683,0.248415904,0.100249692,0.005143358,0.034787291,0.046051899,0.078014801,0.074383217
0.033563788,0.021751246,0.040155078,0.302131074,0.292371049,0.211296218,0.006022241,0.021751504,0.000379555,0.002382184,0.006085836,0.011063804,0.051046422
0.017883739,0.012466718,0.021490132,0.450742354,0.20430655,0.238626984,0.00373828,0.012466849,0.000257642,0.001564474,0.003782858,0.006684826,0.025988594
0.020236619,0.013786424,0.023297768,0.416110406,0.221048236,0.245519101,0.004128241,0.013786569,0.000287308,0.001722736,0.004310719,0.007322213,0.028443661
0.018752455,0.013683045,0.021953192,0.430860402,0.188441441,0.268914169,0.004265669,0.013683184,0.000299474,0.001773282,0.004288274,0.0071988,0.025886613
0.012419845,0.008717347,0.013830673,0.387515111,0.138845029,0.401054375,0.002832661,0.008717426,0.000229742,0.001318915,0.003061057,0.005014295,0.016443524
0.025282885,0.018020138,0.028341737,0.374396397,0.200178133,0.27705196,0.006205798,0.018020311,0.000436422,0.00252946,0.006160183,0.009934504,0.033442072
0.017619055,0.014395187,0.022691854,0.461983111,0.154616018,0.269816225,0.004547435,0.014395328,0.000327037,0.001956766,0.004262214,0.007663418,0.025726353
0.027205665,0.022812657,0.039521432,0.391309463,0.201991198,0.222458499,0.006422822,0.022812912,0.000421044,0.002673488,0.005811029,0.011601093,0.044958698
0.016272044,0.011637842,0.020694119,0.480498528,0.187047807,0.232481207,0.003407945,0.011637967,0.000238047,0.001478719,0.003400433,0.006308197,0.024897145
0.019489841,0.015158192,0.025513538,0.458177636,0.183504578,0.234919412,0.004413579,0.015158352,0.000303782,0.001870283,0.004249579,0.007863196,0.029378032
0.027120787,0.019914034,0.034589838,0.394268199,0.220386856,0.219081238,0.005828276,0.019914257,0.000376488,0.002353745,0.005602627,0.01018299,0.040380665
0.043563893,0.036614527,0.06766066,0.28514746,0.224052971,0.189871385,0.009415751,0.036614975,0.000570141,0.003731392,0.008328225,0.017646723,0.076781896
0.038691028,0.038930291,0.064840274,0.309360515,0.197474318,0.202053902,0.010047113,0.038930746,0.000625625,0.004074987,0.008389009,0.018168973,0.068413219
0.014330221,0.010204857,0.017207165,0.462886572,0.157206637,0.293146811,0.003239085,0.010204957,0.000244271,0.001466901,0.003320438,0.005849371,0.020692714
0.015803437,0.011909271,0.019857992,0.491901563,0.16562204,0.244350607,0.003608307,0.011909394,0.000255028,0.001549734,0.00353834,0.00637056,0.023323725
0.016861704,0.012378556,0.018606407,0.373498526,0.152832649,0.373748249,0.004317899,0.012378665,0.000342592,0.001931824,0.004435779,0.007013301,0.021653848
0.008386611,0.006166329,0.01013301,0.586858366,0.119542806,0.242888863,0.001837771,0.006166392,0.000132609,0.000794337,0.001852574,0.003243502,0.011996831
0.010753981,0.007461593,0.011787469,0.45628239,0.126742393,0.354874908,0.002492654,0.007461662,0.000193825,0.001117736,0.002642495,0.004237035,0.013951859
0.011738526,0.008614154,0.013631331,0.470768253,0.129785412,0.329132209,0.00275594,0.008614235,0.000213051,0.001244966,0.002848494,0.004776783,0.015876645
0.007717719,0.005590704,0.009115303,0.557459561,0.108283112,0.288091439,0.001700586,0.00559076,0.00012752,0.000760518,0.001757197,0.003025217,0.010780365
0.011867748,0.008554915,0.0144261,0.526012476,0.16231389,0.240128282,0.002562207,0.008555005,0.000178156,0.00108702,0.002542414,0.004532754,0.017239033
0.045310929,0.038193094,0.057010961,0.297090617,0.204043933,0.208875748,0.013766438,0.038193492,0.000769626,0.004698671,0.010903842,0.018868026,0.062274623
0.022928986,0.019415221,0.028223853,0.3866221,0.173597848,0.293542184,0.006175289,0.019415407,0.000446773,0.002600331,0.005827457,0.009825813,0.03137874
0.03929841,0.036234664,0.049131469,0.313115827,0.18927001,0.236329985,0.013545162,0.036235004,0.000829783,0.004825775,0.010689687,0.017778706,0.052715517
0.033902764,0.030609368,0.042727351,0.340562797,0.188091055,0.247714703,0.010722487,0.030609662,0.000686851,0.004026198,0.008919001,0.01507095,0.046356811
0.021862542,0.016973955,0.02607942,0.408336144,0.19421051,0.264584326,0.005318244,0.016974133,0.000352824,0.002114706,0.005009654,0.008435205,0.029748337
0.052896407,0.05342453,0.066752646,0.242685753,0.180464883,0.209541759,0.021279281,0.053424997,0.001278677,0.007420255,0.015580512,0.025891763,0.069358538
0.042074187,0.034215137,0.05315497,0.310775139,0.203017783,0.218020454,0.012153028,0.034215483,0.000729805,0.004427954,0.010251698,0.017815135,0.059149228
0.070502046,0.079772266,0.107335145,0.175248872,0.151159689,0.139253617,0.029704006,0.079773108,0.001296995,0.0084078,0.018169536,0.035795851,0.103581068
0.039929976,0.030189628,0.049646461,0.319362757,0.209776676,0.222486589,0.01046431,0.030189928,0.000669424,0.00409669,0.009380931,0.016769072,0.057037558
0.027844422,0.024307964,0.036165291,0.386587362,0.176671009,0.252426049,0.008252847,0.024308195,0.000560899,0.003318706,0.007181536,0.012659729,0.03971599
0.041780327,0.04590077,0.074577253,0.282433016,0.194122393,0.193572731,0.011467438,0.04590134,0.000672719,0.004454625,0.008914283,0.020025366,0.076177737
0.079177509,0.036350028,0.087781837,0.168018604,0.231800177,0.165208743,0.009675026,0.036350428,0.000721254,0.004895998,0.011861384,0.025014555,0.143144456
0.028582633,0.020169004,0.038263802,0.309928293,0.237896137,0.272365753,0.00522143,0.020169218,0.000412274,0.002637824,0.005684681,0.011528687,0.047140263
0.057012628,0.069874793,0.140952474,0.16547918,0.158601349,0.136412559,0.012228618,0.069875786,0.000780139,0.005637862,0.010625484,0.029991629,0.142527499
0.056581011,0.074372377,0.110316394,0.192112656,0.17040738,0.158412454,0.013952042,0.074373397,0.000858774,0.005902781,0.011705442,0.027482203,0.10352309
0.406666203,0.036647268,0.067407143,0.07498022,0.107846802,0.077461351,0.012170628,0.03664757,0.001000665,0.006222467,0.041362528,0.02986296,0.101724196
0.262326767,0.048717481,0.072924136,0.063193748,0.07879299,0.064542169,0.020879718,0.048717743,0.001989887,0.012053676,0.186574064,0.047433003,0.091854618
0.142676495,0.027320777,0.058069671,0.144449492,0.302432382,0.155139398,0.007799165,0.027321061,0.000603104,0.0037765,0.014673273,0.018600686,0.097137994
0.038591945,0.012474586,0.024654919,0.159336918,0.484464853,0.210119636,0.003748893,0.012474709,0.000310507,0.001863117,0.005981214,0.008349183,0.03762952
0.025553407,0.008917922,0.017428862,0.157343154,0.552936582,0.189851897,0.002655269,0.008918014,0.000208657,0.00126893,0.004022056,0.005619295,0.025275954
0.080946772,0.023190557,0.044066177,0.1830622,0.337828613,0.20723412,0.0070864,0.023190784,0.000571681,0.003477619,0.012305794,0.015056468,0.061982815
0.257742734,0.042361957,0.081510048,0.109864994,0.158676636,0.113485807,0.012873741,0.042362346,0.001030312,0.006654383,0.029103198,0.030702304,0.11363154
0.327361936,0.049961206,0.079543443,0.066741201,0.084899362,0.067736336,0.019840335,0.04996152,0.001691061,0.010708655,0.094238222,0.045821788,0.101494935
0.413215044,0.034314172,0.067477658,0.07743429,0.115174851,0.079735769,0.01102172,0.034314481,0.000860616,0.005503581,0.030546754,0.027013719,0.103387344
0.119920254,0.027849593,0.058394245,0.159705872,0.307481306,0.166189796,0.007979637,0.027849889,0.000598712,0.003782639,0.013419175,0.018086788,0.088742094
0.2745431,0.050767356,0.080013513,0.05454736,0.068188034,0.054865045,0.022918827,0.050767622,0.001924063,0.012407477,0.161083198,0.058903472,0.109070932
0.247643435,0.034017153,0.07871286,0.10622117,0.178709925,0.107409226,0.009935174,0.0340175,0.000741624,0.004809482,0.019610297,0.026302334,0.151869819
0.368986623,0.036559377,0.082551651,0.072776978,0.111220647,0.073211456,0.009746804,0.036559741,0.000732527,0.004864885,0.021658898,0.02847277,0.152657642
0.12239491,0.029294248,0.068804881,0.140796953,0.291972722,0.1466788,0.007457726,0.029294577,0.000559502,0.003621609,0.012137254,0.019299313,0.127687506
0.029040017,0.01225781,0.022424486,0.240692698,0.358252339,0.273504296,0.004302203,0.012257925,0.000334405,0.001945466,0.005727052,0.008078257,0.031183045
0.010196651,0.004742364,0.00844222,0.202371605,0.290602143,0.45996184,0.001557051,0.004742409,0.000129118,0.000747309,0.002102292,0.003019887,0.011385113
0.021521888,0.007996567,0.015393411,0.169376982,0.526051435,0.216423224,0.00254555,0.007996646,0.000200421,0.001194008,0.003696506,0.005193458,0.022409904
0.036692067,0.012470132,0.024891574,0.177386675,0.450237423,0.229211304,0.003799376,0.012470255,0.000312257,0.00190067,0.005855729,0.008341508,0.03643103
0.144196155,0.033537848,0.064016511,0.158870132,0.25709642,0.155885135,0.010942386,0.033538188,0.000762315,0.004698397,0.019600544,0.021835515,0.095020455
0.476221538,0.035340669,0.068159594,0.054636234,0.075101983,0.055976695,0.011979825,0.035340937,0.001011691,0.006580488,0.041080421,0.03395604,0.104613887
0.302530271,0.049519593,0.091040426,0.077349606,0.102480053,0.078975685,0.017201966,0.049519958,0.001464493,0.009348777,0.044403782,0.045865647,0.130299744
0.434444929,0.036668265,0.072190218,0.063584509,0.088852941,0.065958128,0.011663434,0.036668554,0.001030699,0.006763549,0.038502594,0.033838043,0.109834137
0.310334973,0.04147523,0.083882245,0.077423798,0.109203908,0.080934549,0.014138916,0.041475545,0.001264556,0.008020015,0.041938602,0.042585732,0.14732193
0.065752454,0.025777379,0.032749368,0.023769946,0.027604388,0.023913556,0.015269561,0.025777444,0.001791513,0.010194372,0.676963722,0.032263076,0.03817322
0.057994894,0.028243718,0.03350675,0.02614165,0.029517672,0.026327343,0.019476861,0.028243769,0.00278754,0.014073338,0.66239979,0.033977045,0.03730963
0.089697481,0.030523695,0.039530816,0.030450167,0.035613156,0.030630053,0.016896067,0.030523795,0.001763444,0.010315602,0.605056944,0.033367117,0.045631662
0.071205888,0.037106994,0.042858022,0.033426567,0.037327481,0.033512058,0.027152962,0.037107053,0.003882805,0.019351889,0.567406054,0.043186207,0.046476021
0.077876795,0.04164392,0.048161621,0.038003582,0.042431789,0.038360716,0.029728717,0.041643976,0.005274161,0.024354965,0.509244091,0.050660881,0.052614786
0.016303741,0.006761944,0.008302066,0.006026608,0.006929295,0.006057637,0.00414975,0.006761959,0.000505205,0.002875384,0.917853821,0.008156354,0.009316236
0.446014323,0.038409437,0.067366796,0.052924129,0.07043837,0.054439795,0.014146511,0.038409693,0.001252869,0.008051451,0.073400399,0.038574578,0.09657165
0.34364111,0.046222146,0.075025723,0.055462996,0.070724368,0.056270701,0.01786841,0.046222424,0.001571689,0.010329232,0.13020232,0.047153529,0.099305352
0.109563764,0.033386989,0.044781108,0.029774806,0.035351058,0.030040664,0.017099507,0.033387092,0.001879453,0.011760176,0.558250459,0.042040038,0.052684885
0.094339372,0.0289601,0.038944012,0.025834233,0.030678627,0.025962157,0.015387306,0.028960191,0.001598388,0.009961462,0.615880463,0.036915345,0.046578345
0.086411976,0.045493528,0.053609605,0.040623384,0.04572037,0.040908945,0.031354373,0.045493596,0.004834544,0.024038139,0.463919651,0.05766562,0.05992627
0.09665912,0.037765065,0.048770454,0.033244017,0.038815106,0.033601032,0.021417243,0.037765151,0.00276159,0.016004093,0.523691285,0.052051436,0.057454407
0.325288651,0.046090095,0.075204743,0.074011241,0.097360622,0.076346034,0.017221378,0.046090404,0.001532972,0.00939035,0.089044748,0.040693772,0.101724988
0.430304604,0.040806197,0.071635209,0.05998515,0.08081385,0.061275813,0.013425963,0.040806505,0.001113383,0.007282967,0.057414607,0.035249342,0.09988641
0.079280616,0.036640409,0.043663714,0.031054103,0.035375905,0.031237075,0.022248063,0.036640473,0.003042606,0.017287294,0.571288834,0.044513317,0.047727591
0.031822938,0.014015709,0.016818834,0.01181456,0.013563145,0.011830494,0.008321093,0.014015738,0.000971117,0.005638353,0.835722742,0.016671984,0.018793294
0.398286449,0.042477953,0.072576255,0.061002837,0.081056007,0.062136407,0.0151385,0.042478252,0.001260553,0.00806707,0.075029363,0.038565492,0.10192486
0.248091076,0.04976987,0.071939026,0.049259127,0.060385263,0.049439136,0.021476709,0.049770109,0.001885824,0.012250516,0.246403801,0.051917955,0.087411587
0.11954357,0.065670123,0.076211901,0.060716851,0.067138982,0.060924869,0.042405124,0.065670242,0.006030987,0.033202518,0.251288375,0.071222876,0.07997358
0.150199881,0.059730231,0.074571789,0.055008665,0.06306212,0.054613502,0.033021948,0.059730423,0.003097057,0.019184859,0.286465964,0.060315079,0.080998482
0.084546944,0.092171878,0.099065658,0.124971496,0.117863917,0.112174644,0.076845448,0.092172446,0.002631015,0.015424766,0.033656357,0.050320788,0.098154643
0.089531224,0.105220481,0.10718478,0.109448149,0.10607959,0.096928934,0.077334071,0.105221183,0.00231729,0.014571739,0.033670897,0.051627792,0.10086387
0.088999807,0.081069077,0.093705728,0.125651174,0.118680319,0.114801762,0.079753626,0.081069465,0.003528474,0.018778437,0.042826879,0.055273487,0.095861765
0.078253694,0.076320876,0.106242662,0.162495947,0.146942376,0.135631548,0.034638845,0.076321571,0.001558398,0.009856424,0.02205327,0.04057382,0.109110569
0.075945824,0.084632127,0.081820249,0.079780725,0.077958958,0.076474635,0.171042655,0.084632187,0.011450569,0.043743161,0.061384286,0.071768572,0.079366051
0.085526205,0.098337083,0.103733731,0.110961452,0.105332313,0.099612847,0.08348522,0.098337585,0.002968235,0.017536184,0.037749442,0.056953924,0.099465778
0.070595297,0.088579862,0.080838098,0.073577575,0.071915461,0.069776567,0.221842687,0.088579935,0.007266355,0.034198813,0.049878163,0.066482539,0.076468649
0.055231506,0.21868162,0.116546877,0.05587598,0.054884595,0.051062028,0.04215072,0.218681745,0.001998053,0.016140376,0.021057373,0.063219923,0.084469203
0.066348147,0.105497581,0.11456084,0.153178259,0.138301979,0.130688007,0.022828698,0.105498847,0.001236309,0.008070154,0.016756619,0.034674657,0.102359903
0.054774176,0.204582981,0.127837051,0.076253366,0.073076649,0.068862446,0.024169986,0.204584772,0.001400178,0.010402155,0.016131013,0.045978033,0.091947195
0.045718776,0.245674619,0.147265977,0.052073605,0.052283023,0.046430477,0.016551614,0.245678812,0.000872139,0.006852104,0.011283864,0.038983943,0.090331048
0.068238156,0.132497823,0.164336151,0.099921936,0.101317824,0.088193349,0.019277858,0.132499957,0.001023142,0.007661983,0.01439018,0.039253659,0.131387981
0.06444223,0.209871344,0.121975398,0.054896712,0.056448582,0.051515826,0.027198565,0.209871144,0.001990405,0.015446533,0.024278564,0.069940433,0.092124264
0.068614483,0.177194476,0.117717438,0.06888648,0.068676323,0.064974279,0.037585207,0.17719447,0.002857513,0.020931319,0.029033539,0.071769603,0.094564868
0.043437965,0.232619473,0.183215217,0.043246516,0.044516357,0.039541725,0.01287891,0.232622603,0.000846293,0.007351982,0.010467454,0.04873434,0.100521166
0.044100419,0.22622935,0.187459877,0.046493659,0.046507533,0.041593141,0.014806427,0.226232361,0.000889451,0.007867173,0.010911576,0.049194558,0.097714475
0.048791333,0.229854417,0.101673761,0.039914759,0.040104894,0.037315322,0.046706317,0.229851352,0.002761245,0.029137374,0.022803493,0.100699527,0.070386205
0.058240131,0.17416857,0.110121901,0.049653149,0.049946484,0.046850534,0.05699958,0.174167264,0.003928407,0.039983329,0.028304088,0.124827739,0.082808824
0.062368936,0.131891077,0.096693716,0.057606374,0.057254576,0.055262276,0.076420291,0.131890384,0.009230576,0.084375841,0.038407637,0.11836558,0.080232737
0.070845792,0.07595373,0.073440423,0.069259075,0.069235565,0.068940952,0.077020659,0.075953687,0.115368041,0.085160401,0.070379312,0.076277531,0.072164832
0.047301021,0.279311419,0.106999972,0.033693382,0.034836372,0.030911688,0.029802313,0.279310674,0.001246461,0.011058552,0.016982405,0.058641484,0.069904257
0.045104129,0.259815808,0.113957708,0.049361627,0.048042708,0.044659411,0.025946308,0.259816505,0.001377,0.011225901,0.015138429,0.049975203,0.075579263
0.054092844,0.238711629,0.163681293,0.045203826,0.047489733,0.040651914,0.016039916,0.238716486,0.000807395,0.006736313,0.012224941,0.03986143,0.095782281
0.04047024,0.284225819,0.120840299,0.038784206,0.039361542,0.035591237,0.015953408,0.284227664,0.000971331,0.008277943,0.011722319,0.045500252,0.07407374
0.049979342,0.182809742,0.100250175,0.040142484,0.040650189,0.03799985,0.060803885,0.182807762,0.003910469,0.055884378,0.025273932,0.145801471,0.07368632
0.057504257,0.176742249,0.098272914,0.050731528,0.050632763,0.048344145,0.063917073,0.176740718,0.005760917,0.055607256,0.032977433,0.106327143,0.076441604
0.039208856,0.279734762,0.1082616,0.041506059,0.040827765,0.038181558,0.023426938,0.27973423,0.001332854,0.011896494,0.013159991,0.053906177,0.068822716
0.052864535,0.178976527,0.202480167,0.049559684,0.050515666,0.045018454,0.022312071,0.17897808,0.001175024,0.011419262,0.013683905,0.075953208,0.117063417
0.045244527,0.173728292,0.248955013,0.053401285,0.053514704,0.046721789,0.014360913,0.17373142,0.000782347,0.006717868,0.009791335,0.045827483,0.127223024
0.039693416,0.290014657,0.120408515,0.030585857,0.031852695,0.028372244,0.015192567,0.290014092,0.000977758,0.008974896,0.012288155,0.058941285,0.072683863
0.043312568,0.246190002,0.189498339,0.033112814,0.035578379,0.030411487,0.010914648,0.246193878,0.000687625,0.005902115,0.009870049,0.046507883,0.101820213
0.059328368,0.17841341,0.102978638,0.047284928,0.048108647,0.045106986,0.051185466,0.178411766,0.00458018,0.047437287,0.032879215,0.125308437,0.078976673
0.059817383,0.108374128,0.204104207,0.102322173,0.103018373,0.08994826,0.012394649,0.10837587,0.00084531,0.006490339,0.011517598,0.037170391,0.155621319
0.056693339,0.146857056,0.22177157,0.068080542,0.069579053,0.061310103,0.014448625,0.146859057,0.000965041,0.007969347,0.012398111,0.051375153,0.141693004
0.059286497,0.145593432,0.104111699,0.051647236,0.051886489,0.049443319,0.057679581,0.145592537,0.005974738,0.075431604,0.032126605,0.139009989,0.082216275
0.057278626,0.120302555,0.091465379,0.045161333,0.046114736,0.043554136,0.061854167,0.120301815,0.008121016,0.136145865,0.035590166,0.15837333,0.075736875
0.05083831,0.10568115,0.308112829,0.043121847,0.04623566,0.039178513,0.013261678,0.105682496,0.000795534,0.007396521,0.010566703,0.067066942,0.202061816
0.046038978,0.114038007,0.344007099,0.049821075,0.05239822,0.043326718,0.010336905,0.114040342,0.000582592,0.004849591,0.008352415,0.036005732,0.176202325
0.037799862,0.223852889,0.220089727,0.041456623,0.041388815,0.0363305,0.013212682,0.22385759,0.000695825,0.006043396,0.008818845,0.041960859,0.104492389
0.06604152,0.081467071,0.244782129,0.083720489,0.094416675,0.073742726,0.009871339,0.081468489,0.000637427,0.00492751,0.010114177,0.032678356,0.216132092
0.049322539,0.232927933,0.20065729,0.025646399,0.028348319,0.023665045,0.012012419,0.232930447,0.000688956,0.006346463,0.011483554,0.067304756,0.10866588
0.036951261,0.071889628,0.551960582,0.019020264,0.021982485,0.01733387,0.005179389,0.071891086,0.000308844,0.00271736,0.005405973,0.028500658,0.1668586
0.045463358,0.151075118,0.252950862,0.029099871,0.031335042,0.027014448,0.014397183,0.151075989,0.000895132,0.009838096,0.011333246,0.145075538,0.130446117
0.03200031,0.270901021,0.105382499,0.019225348,0.020461406,0.017975451,0.017398437,0.270895584,0.000932449,0.01105757,0.01081146,0.162411229,0.060547238
0.029279563,0.337938623,0.089075957,0.023822938,0.02443092,0.021903151,0.015224982,0.337934364,0.000836569,0.007595196,0.009579028,0.048862222,0.053516486
0.03005299,0.32713795,0.088665499,0.022402837,0.023194928,0.020809887,0.017048143,0.32713069,0.000971917,0.009687211,0.010573446,0.068110921,0.05421358
0.083646911,0.063295896,0.13728495,0.13732408,0.146386859,0.115970485,0.017456141,0.063296653,0.000969308,0.006808697,0.015798889,0.037348132,0.174412999
0.110818179,0.046529476,0.10555799,0.13958324,0.201484835,0.126107436,0.010652527,0.046530076,0.000677945,0.00451681,0.013815965,0.025439507,0.168286012
0.120002765,0.130867952,0.14277996,0.049895368,0.056049716,0.046444995,0.046543652,0.13086872,0.001663855,0.013495986,0.040796348,0.08711947,0.133471214
0.122369882,0.087740981,0.176047076,0.047535739,0.055753206,0.044559016,0.022736128,0.087741697,0.001212054,0.009952778,0.025883582,0.092632105,0.225835756
0.312221802,0.056058975,0.090203114,0.049626678,0.061167933,0.049445219,0.019347318,0.056059274,0.001697456,0.012591878,0.11879373,0.063359588,0.109427035
0.614448202,0.023487035,0.054999595,0.040268856,0.060378082,0.041092335,0.005937412,0.023487265,0.000472144,0.003274399,0.01566153,0.019134159,0.097358987
0.158974939,0.064083845,0.088321737,0.046655693,0.055067194,0.046729273,0.030325329,0.064083999,0.00324843,0.023875721,0.202228214,0.109782196,0.10662343
0.401640192,0.044509008,0.09669393,0.046166209,0.062031849,0.045524316,0.01145815,0.0445094,0.000836083,0.006025861,0.030570352,0.041952822,0.168081826
0.211669624,0.055399086,0.082252179,0.048802544,0.059540978,0.049216758,0.023791271,0.055399306,0.002317282,0.015730672,0.214777715,0.075312477,0.10579011
0.16206423,0.072372699,0.10326415,0.043881213,0.051599246,0.043274769,0.032859561,0.072372861,0.002851748,0.023672344,0.115690271,0.153292124,0.122804786
0.273150982,0.053558094,0.122137544,0.048605998,0.063587566,0.047905174,0.014120208,0.053558543,0.001021158,0.007602391,0.029089233,0.058492491,0.227170618
0.365032948,0.045610342,0.098535649,0.047067298,0.062591139,0.047433175,0.01298203,0.045610682,0.001074509,0.007735779,0.035941728,0.054048347,0.176336374
0.803890594,0.013536627,0.031615082,0.016648066,0.023312448,0.016664111,0.003450449,0.013536753,0.000264544,0.001920435,0.009668745,0.01219593,0.053296215
0.694936539,0.020332742,0.052258956,0.02207535,0.030406284,0.021971918,0.004969222,0.020332931,0.000380749,0.002848095,0.012676123,0.020304717,0.096506375
0.276385709,0.033589428,0.108084793,0.048133245,0.071167292,0.047728636,0.007094709,0.033589812,0.000525592,0.00388463,0.01326396,0.028339719,0.328212475
0.278468647,0.058805373,0.142453965,0.036522589,0.045985039,0.035951431,0.013024976,0.058805812,0.001008524,0.008812631,0.029808223,0.083838756,0.206514033
0.518644744,0.033438147,0.087370379,0.02850271,0.037704774,0.028103465,0.008316673,0.033438446,0.000602864,0.004842693,0.020596247,0.03933841,0.159100448
0.361771885,0.038944901,0.113012269,0.04523358,0.063852528,0.044835998,0.007844142,0.038945317,0.000598248,0.004411137,0.015646729,0.032148944,0.232754321
0.119297037,0.076819435,0.087587336,0.0534552,0.058857096,0.052414299,0.05446851,0.076819513,0.00554043,0.041307516,0.187007798,0.098429174,0.087996657
0.057561606,0.075614818,0.284156897,0.050048888,0.057898678,0.046335226,0.009059547,0.075616019,0.000599683,0.004957802,0.009137582,0.039192148,0.289821105
0.069557275,0.069195208,0.274720092,0.060437555,0.070572525,0.055832214,0.009333436,0.069196252,0.000640032,0.005346152,0.010077552,0.038678382,0.266413325
0.109427844,0.072639059,0.177091367,0.036303575,0.042873596,0.03528712,0.015697651,0.072639464,0.001240999,0.012739077,0.022847627,0.197087542,0.204125079
0.071529178,0.079416938,0.095614564,0.033099476,0.036668692,0.032312666,0.028900058,0.07941684,0.002981612,0.043280215,0.038693096,0.368279513,0.089807153
0.101732753,0.045653366,0.161211985,0.055025831,0.071987438,0.053986257,0.008845458,0.045653878,0.000678859,0.005324304,0.01216305,0.0416464,0.396090421
0.094912607,0.056812194,0.20679768,0.036763971,0.044712534,0.035245994,0.010754097,0.056812727,0.000768026,0.006877197,0.013873783,0.080331488,0.355337702
0.096174276,0.056780905,0.213129188,0.037685585,0.045972242,0.036338493,0.010635328,0.056781463,0.000766622,0.006919415,0.013633367,0.075614276,0.34956884
0.089578696,0.0739996,0.181658998,0.065906435,0.074322354,0.063160634,0.019151939,0.074000168,0.001448419,0.012720278,0.019830407,0.093721152,0.230500921
0.024482242,0.013590595,0.025648931,0.249230449,0.27456745,0.344174381,0.003908665,0.013590726,0.00033865,0.002060169,0.004972415,0.008738723,0.034696604
0.139085274,0.034397712,0.097013781,0.116203637,0.1995365,0.112992496,0.008165451,0.034398123,0.00058801,0.003998777,0.012330662,0.023730055,0.21755952
0.151154865,0.034581394,0.129019053,0.043031815,0.058865597,0.041397068,0.007406545,0.034581794,0.000516221,0.003969984,0.011729146,0.031737668,0.452008851
0.261643842,0.054742133,0.161093428,0.046967438,0.060742214,0.043236801,0.010911229,0.054742844,0.000623313,0.004767447,0.017036193,0.035876397,0.24761672
0.106583159,0.034158538,0.093203347,0.138260095,0.222484721,0.138502914,0.008242185,0.034158922,0.000648712,0.004454641,0.012262205,0.024784051,0.18225651
0.219750039,0.054332678,0.136943877,0.059187446,0.080293616,0.056257326,0.011395323,0.054333328,0.00072076,0.005232217,0.018888238,0.037421914,0.265243237
0.219104986,0.052402324,0.129460961,0.064350818,0.090064367,0.063668302,0.010471381,0.052402901,0.000788848,0.005551718,0.018657964,0.038386486,0.254688946
0.074028177,0.051609875,0.19122038,0.054677774,0.0677657,0.052303221,0.008765803,0.051610492,0.000649397,0.005143709,0.010404649,0.040924264,0.390896559
0.055749547,0.095531362,0.087154566,0.036092383,0.038079232,0.035003544,0.04486653,0.095530925,0.005642575,0.14515163,0.033857192,0.252037709,0.075302805
0.083602201,0.054668558,0.170767848,0.090418053,0.113167367,0.086552334,0.009888008,0.054669235,0.000746966,0.005714046,0.012188279,0.037687858,0.279929247
0.050967196,0.090437959,0.121805829,0.027911649,0.030635855,0.026611539,0.019587577,0.090437942,0.001418793,0.016451695,0.017094424,0.402888013,0.103751529
0.056945246,0.085456287,0.105372726,0.026096234,0.029176906,0.025098674,0.019967664,0.085456206,0.001490362,0.016930231,0.021423193,0.430834587,0.095751684
0.04246481,0.122181885,0.432676054,0.023605716,0.026415459,0.021734983,0.008138059,0.122184009,0.000482799,0.004607806,0.007522309,0.050367153,0.137618957
0.019105322,0.027044032,0.733642254,0.008834432,0.010431166,0.008096966,0.0023049,0.027044568,0.000137473,0.001218815,0.002454438,0.013040506,0.146645129
0.060373596,0.04725704,0.24809541,0.054922683,0.068417762,0.049058192,0.00638099,0.047257838,0.000410362,0.00319808,0.00704148,0.023476833,0.384109733
0.038404644,0.044467418,0.483810202,0.019425819,0.023190789,0.017956305,0.004484599,0.044468214,0.000280063,0.00247333,0.004858443,0.024319819,0.291860353
0.04356604,0.125907641,0.389549521,0.020187494,0.023002969,0.018845564,0.008367434,0.125909359,0.00050208,0.004931642,0.007939811,0.077224726,0.154065719
0.04969968,0.147380031,0.256931707,0.031127915,0.033779552,0.029110029,0.014183796,0.147381002,0.000927463,0.010175779,0.011967433,0.132599364,0.134736248
0.014250372,0.022020881,0.018999877,0.010374849,0.010690958,0.010094476,0.017852935,0.022020793,0.003898335,0.80809533,0.011613394,0.033283992,0.01680381
0.046647374,0.105376118,0.099285869,0.019626168,0.02172716,0.0187206,0.01768892,0.105375651,0.001144928,0.01565345,0.016889093,0.461134104,0.070730564
0.057697401,0.093822358,0.366989351,0.029671181,0.033955637,0.027930273,0.008983327,0.093823476,0.000634586,0.006102153,0.009971029,0.069898927,0.200520302
0.050154223,0.084897875,0.088112681,0.025471672,0.027683172,0.024576806,0.023625163,0.084897561,0.002140171,0.038432662,0.023597629,0.454895966,0.071514419
0.053830074,0.093863997,0.105762757,0.030961387,0.033382945,0.029812181,0.025583856,0.093863783,0.002227914,0.035550243,0.022489061,0.386628711,0.086043093
0.048829269,0.089772873,0.103451169,0.026448829,0.028662519,0.025345747,0.021051438,0.089772663,0.001702718,0.025800271,0.018985505,0.439801144,0.080375855
0.027844412,0.038662668,0.036056479,0.019534181,0.020315064,0.019085023,0.029423167,0.038662542,0.007009596,0.640894646,0.022156262,0.06770699,0.03264897
0.053449803,0.065959762,0.060723457,0.045275516,0.045995709,0.044660146,0.065971527,0.065959618,0.193507514,0.170687698,0.051604425,0.078734053,0.05747077
0.104360431,0.035137921,0.092090572,0.136181643,0.228595713,0.140697826,0.007960212,0.035138317,0.00064396,0.004378314,0.012225351,0.024855035,0.177734705
0.155306286,0.042240756,0.147224691,0.035733843,0.046620319,0.034508775,0.008780349,0.042241195,0.000614171,0.004953763,0.01385515,0.04742532,0.420495382
0.178284685,0.06847543,0.118310254,0.045390122,0.054704622,0.045087439,0.023234942,0.068475684,0.002151147,0.018177433,0.064828646,0.155139975,0.157739622
0.081626672,0.082329349,0.082675877,0.043025458,0.046721707,0.042436866,0.05779415,0.082329157,0.011639679,0.129323997,0.093619207,0.165444466,0.081033415
0.132935855,0.076874261,0.09705771,0.043268524,0.049942067,0.043045612,0.033917243,0.0768743,0.00403944,0.03544316,0.126540056,0.174439552,0.10562222
0.101896201,0.06280405,0.21816309,0.029600308,0.036564162,0.028371144,0.009625273,0.062804735,0.000636297,0.005519341,0.012819821,0.066781782,0.364413796
0.194645731,0.073461612,0.145089648,0.041092074,0.0508109,0.040118732,0.017543939,0.073462079,0.001258256,0.010221781,0.034462852,0.105823043,0.212009353
0.112321827,0.086650515,0.192612115,0.037952132,0.045234,0.036340072,0.016843251,0.086651176,0.001067669,0.009466785,0.020852431,0.111251266,0.24275676
0.12311648,0.038999358,0.147978079,0.072901152,0.106030464,0.070178702,0.007294701,0.038999869,0.000529848,0.003984603,0.010380572,0.026964576,0.352641596
0.247682516,0.035835114,0.126356558,0.053212173,0.078359781,0.052101662,0.006872111,0.035835567,0.000502512,0.003791347,0.012085397,0.02633777,0.321027493
0.098056578,0.048874974,0.270372256,0.02238831,0.028308688,0.021183235,0.00573372,0.048875711,0.000372063,0.003196944,0.008411595,0.033653432,0.410572496
0.145045066,0.027744946,0.118539642,0.027939294,0.038660417,0.026801084,0.005094413,0.027745309,0.000338667,0.002663864,0.007926422,0.022302786,0.54919809
0.116377407,0.036736032,0.16698554,0.022480015,0.028885444,0.021611808,0.006002803,0.036736458,0.000411892,0.003516507,0.009511193,0.039678703,0.511066199
0.127942411,0.07911984,0.115611965,0.037232339,0.043515618,0.036657237,0.025504364,0.079119953,0.002319115,0.022949264,0.053857209,0.249851759,0.126318927
0.068664052,0.081295712,0.089945975,0.028991567,0.032265936,0.028153052,0.031519091,0.081295514,0.002707716,0.03624174,0.037425816,0.398266551,0.083227277
0.055527088,0.097735492,0.10390482,0.024946108,0.027295487,0.023588686,0.029576583,0.097735267,0.0015928,0.020796514,0.02348142,0.410818148,0.083001587
0.04917294,0.029172275,0.172579021,0.024720084,0.031094889,0.022855185,0.004553655,0.029172693,0.000291028,0.002362437,0.00529293,0.020955925,0.607776939
0.077117819,0.040744139,0.166580448,0.073176033,0.095825975,0.066703972,0.00752825,0.040744698,0.000507527,0.003849297,0.008935398,0.026870321,0.391416124
0.066216137,0.034657004,0.170059605,0.043108655,0.056053356,0.039489767,0.005672045,0.034657509,0.000373607,0.002888392,0.006941968,0.022226329,0.517655625
0.063446111,0.025973591,0.123038287,0.029533099,0.0400673,0.027892121,0.004235871,0.025973952,0.000290584,0.002234394,0.005696019,0.018330423,0.633288249
0.12238973,0.037756865,0.139724302,0.043232092,0.058612493,0.04189921,0.006999928,0.037757298,0.000523138,0.004002702,0.011122199,0.033177734,0.462802309
0.132346657,0.075098899,0.163822385,0.035023237,0.042041392,0.034164393,0.015382068,0.075099262,0.00124687,0.011654872,0.026722091,0.186670907,0.200726969
0.094616118,0.080628411,0.098838404,0.03552868,0.040259647,0.034800305,0.030915197,0.08062835,0.003129209,0.033845217,0.060891596,0.304906747,0.101012119
0.060400485,0.039460912,0.199293902,0.042380062,0.052574449,0.039111413,0.006643116,0.039461459,0.000439703,0.003567641,0.00743771,0.028960748,0.4802684
0.072826251,0.068363776,0.249793967,0.037115748,0.043475607,0.035332614,0.01077594,0.068364439,0.000789679,0.007291933,0.012645122,0.085148928,0.308075995
0.106962623,0.08979975,0.233373267,0.028153595,0.033666056,0.026749363,0.012802183,0.089800515,0.000791032,0.007305509,0.016896617,0.118061829,0.235637662
0.05578333,0.074810839,0.10206115,0.024005215,0.027048748,0.023111848,0.017459786,0.074810833,0.001316453,0.014845298,0.019649504,0.469706131,0.095390863
0.068414119,0.077730188,0.077079621,0.042319713,0.045125056,0.041711537,0.058398189,0.077729992,0.015640044,0.204131306,0.065645032,0.151352197,0.074723005
0.064586464,0.068475709,0.066721887,0.048888283,0.050766895,0.04850425,0.068483911,0.068475603,0.131394667,0.152692494,0.074886441,0.090414715,0.065708683
0.06475578,0.071444891,0.068629333,0.048514877,0.050408462,0.04804557,0.069997822,0.071444756,0.102800452,0.168863288,0.071810025,0.096240012,0.067044732
0.001862198,0.002084843,0.001987789,0.001599064,0.001628111,0.001585842,0.00215094,0.00208484,0.974906326,0.003834782,0.001920267,0.002421598,0.001933398
0.106634951,0.041119503,0.112563016,0.143732754,0.200291085,0.130911394,0.009581312,0.041120014,0.000660748,0.004699762,0.0125082,0.025851833,0.170325426
0.062337673,0.067491495,0.387384584,0.030104541,0.034961583,0.027457255,0.008721218,0.067492533,0.000495476,0.004428464,0.008630943,0.042960028,0.257534208
0.081523047,0.086610153,0.221598567,0.06770858,0.072698381,0.060330424,0.019812593,0.086611086,0.001094694,0.009411266,0.016516254,0.066380072,0.209704884
0.064453248,0.07614024,0.239226486,0.084368901,0.088837566,0.071744861,0.013672715,0.076141372,0.00075767,0.006087142,0.011166141,0.040242022,0.227161637
0.057618302,0.050755507,0.130760113,0.178180839,0.182069332,0.144271667,0.010096947,0.050756208,0.000654933,0.004748896,0.009549274,0.026116596,0.154421385
0.064108013,0.067552963,0.232650875,0.093646902,0.102493485,0.080209567,0.010404759,0.067554042,0.000642872,0.005055683,0.009885267,0.032193375,0.233602197
0.067275991,0.065033892,0.186998396,0.108681473,0.117132858,0.092548146,0.013442786,0.065034811,0.000762337,0.005800341,0.011328183,0.035761226,0.230199559
0.064362894,0.111620058,0.183578545,0.03398587,0.037394481,0.031838475,0.024911584,0.111620542,0.001295268,0.014423966,0.017779907,0.219042427,0.148145981
0.052968965,0.147430613,0.127273258,0.038642801,0.039738808,0.035932593,0.055191777,0.147430166,0.002415097,0.032756291,0.021918057,0.204039183,0.094262391
0.071584724,0.11438179,0.194200216,0.091625027,0.096187414,0.080238886,0.016236126,0.114383632,0.00090217,0.00692962,0.013444947,0.039365158,0.16052029
0.056928403,0.23603132,0.116664609,0.030981578,0.033208014,0.029000512,0.036380644,0.236029938,0.001528417,0.01612608,0.021543993,0.105693289,0.079883202
0.06783761,0.174490503,0.250246575,0.034707177,0.039703496,0.031765494,0.012222086,0.174494291,0.000632435,0.005270432,0.011476905,0.043175291,0.153977704
0.034100786,0.254669302,0.116944768,0.022008327,0.023130478,0.020490577,0.02229388,0.254665921,0.001058377,0.01333058,0.011588987,0.159221202,0.066496815
0.036499054,0.263154109,0.205410004,0.024797991,0.026830221,0.022431262,0.011513536,0.263161962,0.00051731,0.004702725,0.007729897,0.039865428,0.093386501
0.027205744,0.348038551,0.087489815,0.021825301,0.022486268,0.020002036,0.015826689,0.348038066,0.000705767,0.006612309,0.00840341,0.041622702,0.051743344
0.03618547,0.311527469,0.096090368,0.027352668,0.028266978,0.025326417,0.023273933,0.311524978,0.001059025,0.010234448,0.012254907,0.056688674,0.060214666
0.032171518,0.328738075,0.1021674,0.023058819,0.024265457,0.020962912,0.018099946,0.328739575,0.0006746,0.005930429,0.009231316,0.044479891,0.061480062
0.06433933,0.076748967,0.069997703,0.059114472,0.059280643,0.058305649,0.085482453,0.076748856,0.134992264,0.105191782,0.065164343,0.07769798,0.066935558
0.06833172,0.080637589,0.076422613,0.042985519,0.0453938,0.041977841,0.098109813,0.080637417,0.01286684,0.186057717,0.067848716,0.126591279,0.072139138
0.233827371,0.080570416,0.124937636,0.057210996,0.068524967,0.054394252,0.03108812,0.080571027,0.001511856,0.011592912,0.049846716,0.065332553,0.140591178
0.09084319,0.108711758,0.110995002,0.077427616,0.080399944,0.072762342,0.111521779,0.108712221,0.00294174,0.020756765,0.038125248,0.071673545,0.105128849
0.054844707,0.134328795,0.195324042,0.094678439,0.090832838,0.081318627,0.017001811,0.134331065,0.000934354,0.007423727,0.011791232,0.040702647,0.136487716
0.053731157,0.064093859,0.122961482,0.18678772,0.170744488,0.152142459,0.012872812,0.064094746,0.000782621,0.005571586,0.010417018,0.028151981,0.127648071
0.057127526,0.052567412,0.11031867,0.205553336,0.181727507,0.158125532,0.013268609,0.052568064,0.00079841,0.005632022,0.011175716,0.027947123,0.123190072
0.075025364,0.122478974,0.133364053,0.09522719,0.092099484,0.082681345,0.066711067,0.122480017,0.0017534,0.012697791,0.022680005,0.056046882,0.116754428
0.010980276,0.007601897,0.013293832,0.485793527,0.185974377,0.26297093,0.00210496,0.007601979,0.000152387,0.000934584,0.002245795,0.004014066,0.01633139
0.068666582,0.064299976,0.113463071,0.184168632,0.178797741,0.146337289,0.015809621,0.064300824,0.000838398,0.005689466,0.012875708,0.028249726,0.116502966
0.06727607,0.114743883,0.088270808,0.070315326,0.068685854,0.066183418,0.19340871,0.114743934,0.004846808,0.029265326,0.038990625,0.065265448,0.078003791
0.071056958,0.081610604,0.108987501,0.166225632,0.153320918,0.141320998,0.026977789,0.081611505,0.001254787,0.008246385,0.017389748,0.035471156,0.106526018
0.067516467,0.142562962,0.098739813,0.065135971,0.064594854,0.060562794,0.149911678,0.142563077,0.003264017,0.023144365,0.032737941,0.066549994,0.08271607
0.066531968,0.092997355,0.079281976,0.066755744,0.065693761,0.063024827,0.259154114,0.092997434,0.00534695,0.030384076,0.042485344,0.062459098,0.072887354
0.071461563,0.130001783,0.161849593,0.098862688,0.096203731,0.082396459,0.031393486,0.130003646,0.001126364,0.008377982,0.016358649,0.043492363,0.128471693
0.054611691,0.178142848,0.096772325,0.051757114,0.050527388,0.047015769,0.154053862,0.178142387,0.002611938,0.020463983,0.025909394,0.066629081,0.073362219
0.036400558,0.293215645,0.104132588,0.031990673,0.031930165,0.028830157,0.037456396,0.29321482,0.001110541,0.010600842,0.012253035,0.056292519,0.06257206
0.045058314,0.206917201,0.100716429,0.041853046,0.04119143,0.03816866,0.126654671,0.206916025,0.002180613,0.02108317,0.019015429,0.079496712,0.0707483
0.062978831,0.093877888,0.076618449,0.058469515,0.058080604,0.056865463,0.126355936,0.093877636,0.03852667,0.123624993,0.054880321,0.08620713,0.069636563
0.084983654,0.11420903,0.120958856,0.079997904,0.081374056,0.073683645,0.095746945,0.114209631,0.002532708,0.019121614,0.031467437,0.071190284,0.110524237
0.071644133,0.130619655,0.134197859,0.078338022,0.077002826,0.069507359,0.087709665,0.130620524,0.001970895,0.015394812,0.023390819,0.067056491,0.11254694
0.090844056,0.119088835,0.161655081,0.087507564,0.090020495,0.074474785,0.036215771,0.119090306,0.001234816,0.009136005,0.021114714,0.049461535,0.140156037
0.064811904,0.135043579,0.107387107,0.052865483,0.053567574,0.048057361,0.193125591,0.135043837,0.002252537,0.017957445,0.027451046,0.07466315,0.087773387
0.010735673,0.018297375,0.014421492,0.008939876,0.008987025,0.008378432,0.870120546,0.018297346,0.000916418,0.006672362,0.007065275,0.014499739,0.012668442
0.024434434,0.047859882,0.036025469,0.019013623,0.019278286,0.017719985,0.688929815,0.047859781,0.001647502,0.014453692,0.014486386,0.03779146,0.030499686
0.011662629,0.020008658,0.015778087,0.009958348,0.009955757,0.009347316,0.855908271,0.020008622,0.001143862,0.008337504,0.007832247,0.01623355,0.013825149
0.026435831,0.045210336,0.035284803,0.024041655,0.023769708,0.022648707,0.666056597,0.045210241,0.003401203,0.022457805,0.018599319,0.035898527,0.030985268
